{
  "m_Name": "MatchUIPhoneStyles",
  "strings": [
    "center",
    "--row-direction-normal",
    "center",
    "center",
    "stretch",
    "bold",
    "--colours-brand-foundation-midnight-100",
    "middle-center",
    "middle-right",
    "middle-left",
    "middle-left",
    "middle-right",
    "center",
    "center",
    "center",
    "center",
    "hidden",
    "center",
    "center",
    "flex-start",
    "bold",
    "middle-left",
    "center",
    "center",
    "center",
    "center",
    "center",
    "nowrap",
    "middle-center",
    "middle-left",
    "hidden",
    "nowrap",
    "ellipsis",
    "middle-left",
    "bold",
    "center",
    "center",
    "middle-center",
    "center",
    "center",
    "center",
    "flex-start",
    "normal",
    "middle-center",
    "column-reverse",
    "bottom",
    "center",
    "middle-center",
    "middle-center",
    "center",
    "center",
    "center",
    "nowrap",
    "middle-right",
    "center",
    "middle-left",
    "hidden",
    "nowrap",
    "ellipsis",
    "center",
    "center",
    "center",
    "middle-center",
    "bold",
    "center",
    "center",
    "center",
    "flex-end",
    "middle-center",
    "nowrap",
    "normal",
    "absolute",
    "absolute",
    "flex-start",
    "flex-end",
    "flex-start",
    "absolute",
    "upper-center",
    "nowrap",
    "center",
    "center",
    "center",
    "center",
    "center",
    "center"
  ],
  "colors": [
    {
      "r": 1.0,
      "g": 1.0,
      "b": 1.0,
      "a": 0.501960813999176
    },
    {
      "r": 0.0,
      "g": 0.0,
      "b": 0.0,
      "a": 1.0
    },
    {
      "r": 0.20000000298023224,
      "g": 0.3607843220233917,
      "b": 0.6000000238418579,
      "a": 1.0
    },
    {
      "r": 0.20000000298023224,
      "g": 0.3607843220233917,
      "b": 0.6000000238418579,
      "a": 1.0
    },
    {
      "r": 0.20000000298023224,
      "g": 0.3607843220233917,
      "b": 0.6000000238418579,
      "a": 1.0
    },
    {
      "r": 0.20000000298023224,
      "g": 0.3607843220233917,
      "b": 0.6000000238418579,
      "a": 1.0
    },
    {
      "r": 0.0,
      "g": 0.7372549176216125,
      "b": 0.8941176533699036,
      "a": 1.0
    },
    {
      "r": 0.0,
      "g": 0.7372549176216125,
      "b": 0.8941176533699036,
      "a": 1.0
    },
    {
      "r": 0.0,
      "g": 0.7372549176216125,
      "b": 0.8941176533699036,
      "a": 1.0
    },
    {
      "r": 0.0,
      "g": 0.0,
      "b": 0.0,
      "a": 1.0
    },
    {
      "r": 0.0,
      "g": 0.0,
      "b": 0.0,
      "a": 1.0
    },
    {
      "r": 0.0,
      "g": 0.9411764740943909,
      "b": 0.5176470875740051,
      "a": 1.0
    },
    {
      "r": 0.0,
      "g": 0.9411764740943909,
      "b": 0.5176470875740051,
      "a": 1.0
    },
    {
      "r": 1.0,
      "g": 0.8274509906768799,
      "b": 0.0,
      "a": 1.0
    },
    {
      "r": 0.9882352948188782,
      "g": 0.43529412150382996,
      "b": 0.3137255012989044,
      "a": 1.0
    },
    {
      "r": 0.0,
      "g": 0.9411764740943909,
      "b": 0.5176470875740051,
      "a": 1.0
    },
    {
      "r": 0.0,
      "g": 0.0,
      "b": 0.0,
      "a": 1.0
    },
    {
      "r": 0.24705882370471954,
      "g": 0.24705882370471954,
      "b": 0.24705882370471954,
      "a": 1.0
    },
    {
      "r": 1.0,
      "g": 1.0,
      "b": 1.0,
      "a": 1.0
    },
    {
      "r": 1.0,
      "g": 0.8274509906768799,
      "b": 0.0,
      "a": 1.0
    },
    {
      "r": 0.0,
      "g": 0.9411764740943909,
      "b": 0.5176470875740051,
      "a": 1.0
    },
    {
      "r": 1.0,
      "g": 1.0,
      "b": 1.0,
      "a": 1.0
    },
    {
      "r": 0.0,
      "g": 0.0,
      "b": 0.0,
      "a": 1.0
    },
    {
      "r": 0.027450980618596077,
      "g": 0.3137255012989044,
      "b": 0.6392157077789307,
      "a": 0.8509804010391235
    },
    {
      "r": 0.1764705926179886,
      "g": 0.7843137383460999,
      "b": 0.572549045085907,
      "a": 1.0
    },
    {
      "r": 0.05098039284348488,
      "g": 0.14509804546833038,
      "b": 0.3137255012989044,
      "a": 1.0
    }
  ]
}