{
  "m_Name": "FMColours",
  "strings": [
    "--buttons-toggle-active-primary-surface",
    "--colours-base-neutral-black",
    "--colours-base-cyan-40",
    "--colours-base-grey-40",
    "--colours-base-lime-40",
    "--colours-base-orange-40",
    "--colours-base-pink-40",
    "--colours-brand-foundation-white",
    "--colours-base-yellow-40",
    "--buyin-level-believer",
    "--buyin-level-default",
    "--buyin-level-devotee",
    "--buyin-level-engaged",
    "--buyin-level-enthusiast",
    "--colours-champions-league-blue",
    "--colours-champions-league-dark-blue",
    "--colours-champions-league-grey",
    "--colours-champions-league-light-blue",
    "--colours-base-red-20",
    "--colours-brand-foundation-horizon",
    "--communication-feedback-information",
    "--colours-alpha-light-alpha-35",
    "--colours-linear-scale-1",
    "--colours-linear-scale-20",
    "--colours-linear-scale-2",
    "--colours-linear-scale-6",
    "--colours-linear-scale-8",
    "--colours-linear-scale-10",
    "--colours-linear-scale-12",
    "--colours-linear-scale-14",
    "--colours-linear-scale-16",
    "--colours-linear-scale-18",
    "--colours-base-teal-60",
    "--contract-negotiation-neutral-background",
    "--colours-base-orange-60",
    "--communication-feedback-negative",
    "--communication-feedback-positive",
    "--colours-base-orange-50",
    "--contract-negotiation-invalid-background",
    "--colours-base-red-60",
    "--colours-alpha-transparent-0",
    "--colours-efl-carabao-green",
    "--colours-efl-carabao-green-light",
    "--colours-efl-league-table-away",
    "--colours-efl-league-table-champions",
    "--none",
    "--colours-efl-league-table-home",
    "--colours-efl-league-table-playoffs",
    "--colours-efl-league-table-promotion",
    "--colours-efl-league-table-relegation",
    "--colours-efl-sky-bet-gold",
    "--colours-efl-sky-bet-gray",
    "--colours-efl-sky-bet-red",
    "--colours-efl-vertu-green",
    "--colours-efl-vertu-green-light",
    "--colours-base-yellow-20",
    "--colours-base-lime-20",
    "--colours-base-green-20",
    "--colours-base-orange-20",
    "--global-surface-icon-alternate",
    "--global-text-primary",
    "--colours-base-blue-20",
    "--global-icon-surface-transparency",
    "--colours-base-grey-20",
    "--colours-base-cyan-20",
    "--layout-surfaces-breadcrumb-divider-active",
    "--layout-surfaces-breadcrumb-divider-inactive",
    "--layout-surfaces-breadcrumb-title-active",
    "--layout-surfaces-breadcrumb-title-inactive",
    "--colours-base-green-50",
    "--colours-base-blue-50",
    "--colours-base-pink-50",
    "--colours-base-yellow-50",
    "--colours-base-teal-50",
    "--colours-base-red-50",
    "--colours-base-cyan-50",
    "--layout-ui-core-controls-icon-disabled",
    "--midnight",
    "--midnight-alpha-80",
    "--contract-negotiation-fail-background",
    "--contract-negotiation-warning-background",
    "--contract-negotiation-success-background",
    "--global-text-secondary",
    "--colours-alpha-light-alpha-20",
    "--colours-base-red-40",
    "--colours-alpha-light-alpha-85",
    "--linear-ranges-6-values-6",
    "--linear-ranges-7-values-7",
    "--colours-base-neutral-white",
    "--colours-brand-foundation-cloud",
    "--linear-ranges-4-values-1",
    "--linear-ranges-4-values-4",
    "--staff-coaching-assistant-manager-16",
    "--staff-coaching-assistant-manager-20",
    "--staff-coaching-coach-fitness-16",
    "--staff-coaching-coach-fitness-20",
    "--staff-coaching-coach-general-16",
    "--staff-coaching-coach-general-20",
    "--staff-coaching-coach-goalkeeping-16",
    "--staff-coaching-coach-goalkeeping-20",
    "--staff-coaching-coach-perf-analyst-16",
    "--staff-coaching-coach-perf-analyst-20",
    "--staff-coaching-head-of-youth-dev-16",
    "--staff-coaching-head-of-youth-dev-20",
    "--staff-coaching-head-perf-analyst-16",
    "--staff-coaching-head-perf-analyst-20",
    "--staff-coaching-manager-16",
    "--staff-coaching-manager-20",
    "--staff-coaching-set-piece-coach-16",
    "--staff-coaching-set-piece-coach-20",
    "--staff-medical-chief-doctor-16",
    "--staff-medical-chief-doctor-20",
    "--staff-medical-doctor-16",
    "--staff-medical-doctor-20",
    "--staff-medical-head-of-sports-science-16",
    "--staff-medical-head-of-sports-science-20",
    "--staff-medical-head-physio-16",
    "--staff-medical-head-physio-20",
    "--staff-medical-physio-16",
    "--staff-medical-physio-20",
    "--staff-medical-sports-scientist-16",
    "--staff-medical-sports-scientist-20",
    "--staff-recruitment-chief-scout-16",
    "--staff-recruitment-chief-scout-20",
    "--staff-recruitment-director-of-football-16",
    "--staff-recruitment-director-of-football-20",
    "--staff-recruitment-loan-manager-16",
    "--staff-recruitment-loan-manager-20",
    "--staff-recruitment-recruitment-analyst-16",
    "--staff-recruitment-recruitment-analyst-20",
    "--staff-recruitment-scout-16",
    "--staff-recruitment-scout-20",
    "--staff-recruitment-technical-director-16",
    "--staff-recruitment-technical-director-20",
    "--colours-base-green-60",
    "--colours-base-green-40",
    "--colours-base-purple-50",
    "--colours-base-blue-40",
    "--linear-ranges-7-values-1",
    "--linear-ranges-7-values-2",
    "--linear-ranges-7-values-3",
    "--linear-ranges-7-values-4",
    "--linear-ranges-7-values-5",
    "--linear-ranges-7-values-6",
    "--colours-brand-fm-ultra-violet",
    "--colours-base-teal-20",
    "--tiles-surface-light-default",
    "--linear-ranges-4-values-2",
    "--linear-ranges-5-values-3",
    "--linear-ranges-5-values-4",
    "--linear-ranges-5-values-2"
  ],
  "colors": [
    {
      "r": 0.30588236451148987,
      "g": 0.9215686321258545,
      "b": 0.239215686917305,
      "a": 1.0
    },
    {
      "r": 0.9647058844566345,
      "g": 0.8980392217636108,
      "b": 0.05882352963089943,
      "a": 1.0
    },
    {
      "r": 0.9019607901573181,
      "g": 0.9019607901573181,
      "b": 0.9803921580314636,
      "a": 0.6509804129600525
    },
    {
      "r": 0.1725490242242813,
      "g": 0.1725490242242813,
      "b": 0.1725490242242813,
      "a": 1.0
    },
    {
      "r": 0.1921568661928177,
      "g": 0.364705890417099,
      "b": 0.7647058963775635,
      "a": 1.0
    },
    {
      "r": 0.0,
      "g": 0.0,
      "b": 0.0,
      "a": 1.0
    },
    {
      "r": 0.0,
      "g": 0.0,
      "b": 0.0,
      "a": 0.24313725531101227
    },
    {
      "r": 0.0,
      "g": 0.0,
      "b": 1.0,
      "a": 1.0
    },
    {
      "r": 0.003921568859368563,
      "g": 0.8078431487083435,
      "b": 0.38823530077934265,
      "a": 1.0
    },
    {
      "r": 0.0,
      "g": 1.0,
      "b": 0.0,
      "a": 1.0
    },
    {
      "r": 1.0,
      "g": 1.0,
      "b": 1.0,
      "a": 0.16078431904315948
    },
    {
      "r": 0.9843137264251709,
      "g": 0.3294117748737335,
      "b": 0.3294117748737335,
      "a": 1.0
    },
    {
      "r": 0.8980392217636108,
      "g": 0.8156862854957581,
      "b": 0.2823529541492462,
      "a": 1.0
    },
    {
      "r": 1.0,
      "g": 0.6000000238418579,
      "b": 0.26274511218070984,
      "a": 1.0
    },
    {
      "r": 1.0,
      "g": 0.0,
      "b": 0.0,
      "a": 1.0
    },
    {
      "r": 1.0,
      "g": 0.43921568989753723,
      "b": 0.29019609093666077,
      "a": 1.0
    },
    {
      "r": 1.0,
      "g": 1.0,
      "b": 0.0,
      "a": 1.0
    },
    {
      "r": 0.6784313917160034,
      "g": 0.8235294222831726,
      "b": 0.25882354378700256,
      "a": 1.0
    },
    {
      "r": 0.09803921729326248,
      "g": 0.45098039507865906,
      "b": 0.9411764740943909,
      "a": 0.6509804129600525
    },
    {
      "r": 0.09803921729326248,
      "g": 0.45098039507865906,
      "b": 0.9411764740943909,
      "a": 0.23137255012989044
    },
    {
      "r": 0.6980392336845398,
      "g": 0.24705882370471954,
      "b": 0.9098039269447327,
      "a": 0.6509804129600525
    },
    {
      "r": 0.6980392336845398,
      "g": 0.24705882370471954,
      "b": 0.9098039269447327,
      "a": 0.23137255012989044
    },
    {
      "r": 0.007843137718737125,
      "g": 0.6313725709915161,
      "b": 0.5803921818733215,
      "a": 0.6509804129600525
    },
    {
      "r": 0.007843137718737125,
      "g": 0.6313725709915161,
      "b": 0.5803921818733215,
      "a": 0.23137255012989044
    },
    {
      "r": 0.4431372582912445,
      "g": 0.24313725531101227,
      "b": 0.05882352963089943,
      "a": 0.6509804129600525
    },
    {
      "r": 0.4431372582912445,
      "g": 0.24313725531101227,
      "b": 0.05882352963089943,
      "a": 0.23137255012989044
    },
    {
      "r": 0.11372549086809158,
      "g": 0.5803921818733215,
      "b": 0.062745101749897,
      "a": 0.6509804129600525
    },
    {
      "r": 0.11372549086809158,
      "g": 0.5803921818733215,
      "b": 0.062745101749897,
      "a": 0.23137255012989044
    },
    {
      "r": 0.9529411792755127,
      "g": 0.2823529541492462,
      "b": 0.13725490868091583,
      "a": 0.6509804129600525
    },
    {
      "r": 0.9529411792755127,
      "g": 0.2823529541492462,
      "b": 0.13725490868091583,
      "a": 0.23137255012989044
    },
    {
      "r": 0.05098039284348488,
      "g": 0.46666666865348816,
      "b": 0.2549019753932953,
      "a": 0.6509804129600525
    },
    {
      "r": 0.05098039284348488,
      "g": 0.46666666865348816,
      "b": 0.2549019753932953,
      "a": 0.23137255012989044
    },
    {
      "r": 0.3450980484485626,
      "g": 0.41960784792900085,
      "b": 0.09019608050584793,
      "a": 0.6509804129600525
    },
    {
      "r": 0.3450980484485626,
      "g": 0.41960784792900085,
      "b": 0.09019608050584793,
      "a": 0.23137255012989044
    },
    {
      "r": 0.9607843160629272,
      "g": 0.6352941393852234,
      "b": 0.027450980618596077,
      "a": 0.6509804129600525
    },
    {
      "r": 0.9607843160629272,
      "g": 0.6352941393852234,
      "b": 0.027450980618596077,
      "a": 0.23137255012989044
    },
    {
      "r": 0.9098039269447327,
      "g": 0.3450980484485626,
      "b": 0.7137255072593689,
      "a": 0.6509804129600525
    },
    {
      "r": 0.9098039269447327,
      "g": 0.3450980484485626,
      "b": 0.7137255072593689,
      "a": 0.23137255012989044
    },
    {
      "r": 0.3960784375667572,
      "g": 0.8980392217636108,
      "b": 0.22745098173618317,
      "a": 1.0
    },
    {
      "r": 1.0,
      "g": 0.3294117748737335,
      "b": 0.3294117748737335,
      "a": 1.0
    },
    {
      "r": 1.0,
      "g": 0.3294117748737335,
      "b": 0.3294117748737335,
      "a": 0.501960813999176
    },
    {
      "r": 0.3137255012989044,
      "g": 0.8823529481887817,
      "b": 0.3137255012989044,
      "a": 1.0
    },
    {
      "r": 0.3137255012989044,
      "g": 0.8823529481887817,
      "b": 0.3137255012989044,
      "a": 0.501960813999176
    },
    {
      "r": 0.003921568859368563,
      "g": 0.8078431487083435,
      "b": 0.3921568691730499,
      "a": 0.34117648005485535
    },
    {
      "r": 0.003921568859368563,
      "g": 0.8078431487083435,
      "b": 0.3921568691730499,
      "a": 0.0
    },
    {
      "r": 0.7529411911964417,
      "g": 0.7529411911964417,
      "b": 0.7529411911964417,
      "a": 0.34117648005485535
    },
    {
      "r": 0.7529411911964417,
      "g": 0.7529411911964417,
      "b": 0.7529411911964417,
      "a": 0.0
    },
    {
      "r": 0.9843137264251709,
      "g": 0.3294117748737335,
      "b": 0.3294117748737335,
      "a": 0.34117648005485535
    },
    {
      "r": 0.9843137264251709,
      "g": 0.3294117748737335,
      "b": 0.3294117748737335,
      "a": 0.0
    },
    {
      "r": 0.0,
      "g": 1.0,
      "b": 0.0,
      "a": 1.0
    },
    {
      "r": 0.3764705955982208,
      "g": 0.3764705955982208,
      "b": 0.3764705955982208,
      "a": 1.0
    },
    {
      "r": 0.0,
      "g": 0.0,
      "b": 0.0,
      "a": 1.0
    },
    {
      "r": 0.09803921729326248,
      "g": 0.09803921729326248,
      "b": 0.09803921729326248,
      "a": 1.0
    },
    {
      "r": 0.19607843458652496,
      "g": 0.19607843458652496,
      "b": 0.19607843458652496,
      "a": 1.0
    },
    {
      "r": 0.29411765933036804,
      "g": 0.29411765933036804,
      "b": 0.29411765933036804,
      "a": 1.0
    },
    {
      "r": 0.3921568691730499,
      "g": 0.3921568691730499,
      "b": 0.3921568691730499,
      "a": 1.0
    },
    {
      "r": 0.4901960790157318,
      "g": 0.4901960790157318,
      "b": 0.4901960790157318,
      "a": 1.0
    },
    {
      "r": 0.5882353186607361,
      "g": 0.5882353186607361,
      "b": 0.5882353186607361,
      "a": 1.0
    },
    {
      "r": 0.686274528503418,
      "g": 0.686274528503418,
      "b": 0.686274528503418,
      "a": 1.0
    },
    {
      "r": 0.7843137383460999,
      "g": 0.7843137383460999,
      "b": 0.7843137383460999,
      "a": 1.0
    },
    {
      "r": 0.8823529481887817,
      "g": 0.8823529481887817,
      "b": 0.8823529481887817,
      "a": 1.0
    },
    {
      "r": 1.0,
      "g": 1.0,
      "b": 1.0,
      "a": 1.0
    },
    {
      "r": 1.0,
      "g": 0.6470588445663452,
      "b": 0.1568627506494522,
      "a": 1.0
    },
    {
      "r": 1.0,
      "g": 1.0,
      "b": 1.0,
      "a": 1.0
    },
    {
      "r": 0.9019607901573181,
      "g": 0.9019607901573181,
      "b": 0.9803921580314636,
      "a": 0.04313725605607033
    },
    {
      "r": 0.3176470696926117,
      "g": 0.6901960968971252,
      "b": 0.8392156958580017,
      "a": 1.0
    },
    {
      "r": 0.9411764740943909,
      "g": 0.6784313917160034,
      "b": 0.30588236451148987,
      "a": 1.0
    },
    {
      "r": 0.0,
      "g": 0.7450980544090271,
      "b": 0.0784313753247261,
      "a": 1.0
    },
    {
      "r": 0.8509804010391235,
      "g": 0.32549020648002625,
      "b": 0.30980393290519714,
      "a": 1.0
    },
    {
      "r": 0.8549019694328308,
      "g": 0.32549020648002625,
      "b": 0.3137255012989044,
      "a": 1.0
    },
    {
      "r": 0.07058823853731155,
      "g": 0.529411792755127,
      "b": 0.3176470696926117,
      "a": 1.0
    },
    {
      "r": 0.4901960790157318,
      "g": 0.4901960790157318,
      "b": 0.4901960790157318,
      "a": 1.0
    },
    {
      "r": 0.0,
      "g": 1.0,
      "b": 1.0,
      "a": 1.0
    },
    {
      "r": 0.5490196347236633,
      "g": 0.8666666746139526,
      "b": 0.21176470816135406,
      "a": 1.0
    },
    {
      "r": 0.47058823704719543,
      "g": 0.47058823704719543,
      "b": 0.47058823704719543,
      "a": 1.0
    },
    {
      "r": 0.0,
      "g": 0.0,
      "b": 0.0,
      "a": 0.20392157137393951
    },
    {
      "r": 1.0,
      "g": 1.0,
      "b": 0.3294117748737335,
      "a": 1.0
    },
    {
      "r": 1.0,
      "g": 1.0,
      "b": 0.3294117748737335,
      "a": 1.0
    },
    {
      "r": 0.20000000298023224,
      "g": 0.8705882430076599,
      "b": 0.8705882430076599,
      "a": 1.0
    },
    {
      "r": 0.20000000298023224,
      "g": 0.8705882430076599,
      "b": 0.8705882430076599,
      "a": 1.0
    },
    {
      "r": 0.3137255012989044,
      "g": 0.886274516582489,
      "b": 0.3137255012989044,
      "a": 1.0
    },
    {
      "r": 0.3137255012989044,
      "g": 0.886274516582489,
      "b": 0.3137255012989044,
      "a": 1.0
    },
    {
      "r": 0.8549019694328308,
      "g": 0.3921568691730499,
      "b": 0.13725490868091583,
      "a": 1.0
    },
    {
      "r": 0.8588235378265381,
      "g": 0.545098066329956,
      "b": 0.8274509906768799,
      "a": 1.0
    },
    {
      "r": 0.8549019694328308,
      "g": 0.6980392336845398,
      "b": 0.13725490868091583,
      "a": 1.0
    },
    {
      "r": 0.5568627715110779,
      "g": 0.21960784494876862,
      "b": 0.8196078538894653,
      "a": 1.0
    },
    {
      "r": 0.95686274766922,
      "g": 0.4117647111415863,
      "b": 0.09803921729326248,
      "a": 1.0
    },
    {
      "r": 1.0,
      "g": 0.7058823704719543,
      "b": 0.0,
      "a": 1.0
    },
    {
      "r": 1.0,
      "g": 0.0,
      "b": 1.0,
      "a": 1.0
    },
    {
      "r": 0.003921568859368563,
      "g": 0.8078431487083435,
      "b": 0.38823530077934265,
      "a": 1.0
    },
    {
      "r": 0.003921568859368563,
      "g": 0.8078431487083435,
      "b": 0.38823530077934265,
      "a": 1.0
    },
    {
      "r": 0.6000000238418579,
      "g": 0.8196078538894653,
      "b": 0.2705882489681244,
      "a": 1.0
    },
    {
      "r": 0.6000000238418579,
      "g": 0.8196078538894653,
      "b": 0.2705882489681244,
      "a": 1.0
    },
    {
      "r": 1.0,
      "g": 0.4941176474094391,
      "b": 0.2823529541492462,
      "a": 1.0
    },
    {
      "r": 1.0,
      "g": 0.4941176474094391,
      "b": 0.2823529541492462,
      "a": 1.0
    },
    {
      "r": 1.0,
      "g": 0.6941176652908325,
      "b": 0.2705882489681244,
      "a": 1.0
    },
    {
      "r": 1.0,
      "g": 0.6941176652908325,
      "b": 0.2705882489681244,
      "a": 1.0
    },
    {
      "r": 0.9843137264251709,
      "g": 0.3294117748737335,
      "b": 0.3294117748737335,
      "a": 1.0
    },
    {
      "r": 0.9843137264251709,
      "g": 0.3294117748737335,
      "b": 0.3294117748737335,
      "a": 1.0
    },
    {
      "r": 0.8980392217636108,
      "g": 0.8156862854957581,
      "b": 0.2823529541492462,
      "a": 1.0
    },
    {
      "r": 0.8980392217636108,
      "g": 0.8156862854957581,
      "b": 0.2823529541492462,
      "a": 1.0
    },
    {
      "r": 1.0,
      "g": 0.0,
      "b": 0.0,
      "a": 1.0
    },
    {
      "r": 0.003921568859368563,
      "g": 0.8078431487083435,
      "b": 0.38823530077934265,
      "a": 0.16078431904315948
    },
    {
      "r": 0.0,
      "g": 0.0,
      "b": 0.0,
      "a": 1.0
    },
    {
      "r": 0.0,
      "g": 0.0,
      "b": 0.0,
      "a": 0.0
    },
    {
      "r": 0.3333333432674408,
      "g": 0.48235294222831726,
      "b": 0.8352941274642944,
      "a": 1.0
    },
    {
      "r": 0.3333333432674408,
      "g": 0.48235294222831726,
      "b": 0.8352941274642944,
      "a": 0.0
    },
    {
      "r": 0.20000000298023224,
      "g": 0.8705882430076599,
      "b": 0.8705882430076599,
      "a": 1.0
    },
    {
      "r": 0.20000000298023224,
      "g": 0.8705882430076599,
      "b": 0.8705882430076599,
      "a": 0.0
    },
    {
      "r": 0.30588236451148987,
      "g": 0.30588236451148987,
      "b": 0.30588236451148987,
      "a": 1.0
    },
    {
      "r": 0.30588236451148987,
      "g": 0.30588236451148987,
      "b": 0.30588236451148987,
      "a": 0.0
    },
    {
      "r": 0.3137255012989044,
      "g": 0.886274516582489,
      "b": 0.3137255012989044,
      "a": 1.0
    },
    {
      "r": 0.3137255012989044,
      "g": 0.886274516582489,
      "b": 0.3137255012989044,
      "a": 0.0
    },
    {
      "r": 0.7529411911964417,
      "g": 0.7529411911964417,
      "b": 0.7529411911964417,
      "a": 1.0
    },
    {
      "r": 0.7529411911964417,
      "g": 0.7529411911964417,
      "b": 0.7529411911964417,
      "a": 0.0
    },
    {
      "r": 0.7529411911964417,
      "g": 0.9607843160629272,
      "b": 0.3333333432674408,
      "a": 1.0
    },
    {
      "r": 0.7529411911964417,
      "g": 0.9607843160629272,
      "b": 0.3333333432674408,
      "a": 0.0
    },
    {
      "r": 1.0,
      "g": 0.6313725709915161,
      "b": 0.3294117748737335,
      "a": 1.0
    },
    {
      "r": 1.0,
      "g": 0.6313725709915161,
      "b": 0.3294117748737335,
      "a": 0.0
    },
    {
      "r": 0.886274516582489,
      "g": 0.3137255012989044,
      "b": 0.6392157077789307,
      "a": 1.0
    },
    {
      "r": 0.886274516582489,
      "g": 0.3137255012989044,
      "b": 0.6392157077789307,
      "a": 0.0
    },
    {
      "r": 0.615686297416687,
      "g": 0.06666667014360428,
      "b": 0.9058823585510254,
      "a": 1.0
    },
    {
      "r": 0.615686297416687,
      "g": 0.06666667014360428,
      "b": 0.9058823585510254,
      "a": 0.0
    },
    {
      "r": 1.0,
      "g": 0.3294117748737335,
      "b": 0.3294117748737335,
      "a": 1.0
    },
    {
      "r": 1.0,
      "g": 0.3294117748737335,
      "b": 0.3294117748737335,
      "a": 0.0
    },
    {
      "r": 0.24705882370471954,
      "g": 0.8705882430076599,
      "b": 0.6000000238418579,
      "a": 1.0
    },
    {
      "r": 0.24705882370471954,
      "g": 0.8705882430076599,
      "b": 0.6000000238418579,
      "a": 0.0
    },
    {
      "r": 1.0,
      "g": 1.0,
      "b": 1.0,
      "a": 0.3529411852359772
    },
    {
      "r": 1.0,
      "g": 1.0,
      "b": 1.0,
      "a": 0.0
    },
    {
      "r": 1.0,
      "g": 1.0,
      "b": 1.0,
      "a": 1.0
    },
    {
      "r": 1.0,
      "g": 1.0,
      "b": 1.0,
      "a": 0.0
    },
    {
      "r": 1.0,
      "g": 1.0,
      "b": 0.3294117748737335,
      "a": 1.0
    },
    {
      "r": 1.0,
      "g": 1.0,
      "b": 0.3294117748737335,
      "a": 0.0
    },
    {
      "r": 0.0,
      "g": 0.0,
      "b": 0.0,
      "a": 1.0
    },
    {
      "r": 0.0,
      "g": 0.0,
      "b": 1.0,
      "a": 1.0
    },
    {
      "r": 0.0,
      "g": 0.7058823704719543,
      "b": 0.0,
      "a": 1.0
    },
    {
      "r": 0.0,
      "g": 1.0,
      "b": 0.0,
      "a": 1.0
    },
    {
      "r": 0.3764705955982208,
      "g": 0.3764705955982208,
      "b": 0.3764705955982208,
      "a": 1.0
    },
    {
      "r": 0.0,
      "g": 1.0,
      "b": 1.0,
      "a": 1.0
    },
    {
      "r": 0.8235294222831726,
      "g": 1.0,
      "b": 0.0,
      "a": 1.0
    },
    {
      "r": 1.0,
      "g": 0.47058823704719543,
      "b": 0.0,
      "a": 1.0
    },
    {
      "r": 1.0,
      "g": 0.7058823704719543,
      "b": 0.0,
      "a": 1.0
    },
    {
      "r": 1.0,
      "g": 0.0,
      "b": 1.0,
      "a": 1.0
    },
    {
      "r": 1.0,
      "g": 0.0,
      "b": 0.0,
      "a": 1.0
    },
    {
      "r": 1.0,
      "g": 1.0,
      "b": 1.0,
      "a": 1.0
    },
    {
      "r": 1.0,
      "g": 1.0,
      "b": 0.0,
      "a": 1.0
    },
    {
      "r": 0.003921568859368563,
      "g": 0.8078431487083435,
      "b": 0.38823530077934265,
      "a": 1.0
    },
    {
      "r": 0.3960784375667572,
      "g": 0.8156862854957581,
      "b": 0.32156863808631897,
      "a": 1.0
    },
    {
      "r": 1.0,
      "g": 0.6000000238418579,
      "b": 0.26274511218070984,
      "a": 1.0
    },
    {
      "r": 0.9843137264251709,
      "g": 0.3294117748737335,
      "b": 0.3294117748737335,
      "a": 1.0
    },
    {
      "r": 1.0,
      "g": 0.43921568989753723,
      "b": 0.29019609093666077,
      "a": 1.0
    },
    {
      "r": 0.8980392217636108,
      "g": 0.8156862854957581,
      "b": 0.2823529541492462,
      "a": 1.0
    },
    {
      "r": 0.6784313917160034,
      "g": 0.8235294222831726,
      "b": 0.25882354378700256,
      "a": 1.0
    },
    {
      "r": 1.0,
      "g": 0.7411764860153198,
      "b": 0.2823529541492462,
      "a": 1.0
    },
    {
      "r": 0.37254902720451355,
      "g": 0.4156862795352936,
      "b": 0.43529412150382996,
      "a": 1.0
    },
    {
      "r": 0.501960813999176,
      "g": 0.501960813999176,
      "b": 0.501960813999176,
      "a": 1.0
    },
    {
      "r": 0.10588235408067703,
      "g": 0.12156862765550613,
      "b": 0.1725490242242813,
      "a": 1.0
    },
    {
      "r": 0.501960813999176,
      "g": 0.501960813999176,
      "b": 0.501960813999176,
      "a": 1.0
    },
    {
      "r": 0.054901961237192154,
      "g": 0.29019609093666077,
      "b": 0.0313725508749485,
      "a": 1.0
    },
    {
      "r": 0.14901961386203766,
      "g": 0.4313725531101227,
      "b": 0.4627451002597809,
      "a": 1.0
    },
    {
      "r": 0.20000000298023224,
      "g": 0.8705882430076599,
      "b": 0.8705882430076599,
      "a": 0.0
    },
    {
      "r": 0.6549019813537598,
      "g": 0.9450980424880981,
      "b": 0.6549019813537598,
      "a": 0.16078431904315948
    },
    {
      "r": 0.7529411911964417,
      "g": 0.7529411911964417,
      "b": 0.7529411911964417,
      "a": 0.16078431904315948
    },
    {
      "r": 0.8745098114013672,
      "g": 0.9803921580314636,
      "b": 0.6666666865348816,
      "a": 0.16078431904315948
    },
    {
      "r": 1.0,
      "g": 0.8156862854957581,
      "b": 0.6627451181411743,
      "a": 0.16078431904315948
    },
    {
      "r": 1.0,
      "g": 0.6627451181411743,
      "b": 0.6627451181411743,
      "a": 0.16078431904315948
    },
    {
      "r": 0.6235294342041016,
      "g": 0.9372549057006836,
      "b": 0.800000011920929,
      "a": 0.26274511218070984
    },
    {
      "r": 1.0,
      "g": 1.0,
      "b": 0.6627451181411743,
      "a": 0.16078431904315948
    },
    {
      "r": 0.3764705955982208,
      "g": 0.3764705955982208,
      "b": 0.3764705955982208,
      "a": 1.0
    },
    {
      "r": 0.3764705955982208,
      "g": 0.3764705955982208,
      "b": 0.3764705955982208,
      "a": 1.0
    },
    {
      "r": 0.3764705955982208,
      "g": 0.3764705955982208,
      "b": 0.3764705955982208,
      "a": 1.0
    },
    {
      "r": 0.3764705955982208,
      "g": 0.3764705955982208,
      "b": 0.3764705955982208,
      "a": 1.0
    },
    {
      "r": 1.0,
      "g": 1.0,
      "b": 1.0,
      "a": 1.0
    },
    {
      "r": 0.7960784435272217,
      "g": 0.8980392217636108,
      "b": 0.14509804546833038,
      "a": 1.0
    },
    {
      "r": 0.7019608020782471,
      "g": 0.9647058844566345,
      "b": 0.6745098233222961,
      "a": 0.05098039284348488
    },
    {
      "r": 0.7019608020782471,
      "g": 0.9647058844566345,
      "b": 0.6745098233222961,
      "a": 0.13333334028720856
    },
    {
      "r": 0.7019608020782471,
      "g": 0.9647058844566345,
      "b": 0.6745098233222961,
      "a": 0.21176470816135406
    },
    {
      "r": 0.7019608020782471,
      "g": 0.9647058844566345,
      "b": 0.6745098233222961,
      "a": 0.29019609093666077
    },
    {
      "r": 0.7019608020782471,
      "g": 0.9647058844566345,
      "b": 0.6745098233222961,
      "a": 0.37254902720451355
    },
    {
      "r": 0.7019608020782471,
      "g": 0.9647058844566345,
      "b": 0.6745098233222961,
      "a": 0.45098039507865906
    },
    {
      "r": 0.7019608020782471,
      "g": 0.9647058844566345,
      "b": 0.6745098233222961,
      "a": 0.5333333611488342
    },
    {
      "r": 0.7019608020782471,
      "g": 0.9647058844566345,
      "b": 0.6745098233222961,
      "a": 0.6117647290229797
    }
  ]
}