{
  "m_Name": "AttributeColoursAlternative",
  "m_Script": {
    "m_FileID": 1,
    "m_PathID": 11998
  },
  "m_Enabled": 1,
  "m_GameObject": {
    "m_FileID": 0,
    "m_PathID": 0
  },
  "m_CorrespondingSourceObject": {
    "m_FileID": 0,
    "m_PathID": 0
  },
  "m_EditorClassIdentifier": "",
  "m_EditorHideFlags": 0,
  "m_HideFlags": 0,
  "m_PrefabAsset": {
    "m_FileID": 0,
    "m_PathID": 0
  },
  "m_PrefabInstance": {
    "m_FileID": 0,
    "m_PathID": 0
  },
  "m_Structure": {
    "m_ImportedWithErrors": 0,
    "m_ImportedWithWarnings": 0,
    "m_Rules": [
      {
        "m_Properties": [
          {
            "m_Name": "color",
            "m_Line": 3,
            "m_Values": [
              {
                "m_ValueType": 4,
                "valueIndex": 0
              }
            ]
          }
        ],
        "line": 2
      },
      {
        "m_Properties": [
          {
            "m_Name": "color",
            "m_Line": 7,
            "m_Values": [
              {
                "m_ValueType": 4,
                "valueIndex": 1
              }
            ]
          }
        ],
        "line": 6
      },
      {
        "m_Properties": [
          {
            "m_Name": "color",
            "m_Line": 11,
            "m_Values": [
              {
                "m_ValueType": 10,
                "valueIndex": 1
              },
              {
                "m_ValueType": 2,
                "valueIndex": 0
              },
              {
                "m_ValueType": 8,
                "valueIndex": 0
              }
            ]
          }
        ],
        "line": 10
      },
      {
        "m_Properties": [
          {
            "m_Name": "color",
            "m_Line": 15,
            "m_Values": [
              {
                "m_ValueType": 10,
                "valueIndex": 1
              },
              {
                "m_ValueType": 2,
                "valueIndex": 1
              },
              {
                "m_ValueType": 8,
                "valueIndex": 1
              }
            ]
          }
        ],
        "line": 14
      },
      {
        "m_Properties": [
          {
            "m_Name": "color",
            "m_Line": 19,
            "m_Values": [
              {
                "m_ValueType": 10,
                "valueIndex": 1
              },
              {
                "m_ValueType": 2,
                "valueIndex": 2
              },
              {
                "m_ValueType": 8,
                "valueIndex": 2
              }
            ]
          }
        ],
        "line": 18
      }
    ],
    "m_ComplexSelectors": [
      {
        "m_Specificity": 11,
        "m_Selectors": [
          {
            "m_Parts": [
              {
                "m_Value": "attribute-colour-unset",
                "m_Type": 3
              }
            ],
            "m_PreviousRelationship": 0
          }
        ],
        "ruleIndex": 0
      },
      {
        "m_Specificity": 11,
        "m_Selectors": [
          {
            "m_Parts": [
              {
                "m_Value": "attribute-colour-low",
                "m_Type": 3
              }
            ],
            "m_PreviousRelationship": 0
          }
        ],
        "ruleIndex": 0
      },
      {
        "m_Specificity": 11,
        "m_Selectors": [
          {
            "m_Parts": [
              {
                "m_Value": "attribute-colour-poor",
                "m_Type": 3
              }
            ],
            "m_PreviousRelationship": 0
          }
        ],
        "ruleIndex": 1
      },
      {
        "m_Specificity": 11,
        "m_Selectors": [
          {
            "m_Parts": [
              {
                "m_Value": "attribute-colour-normal",
                "m_Type": 3
              }
            ],
            "m_PreviousRelationship": 0
          }
        ],
        "ruleIndex": 2
      },
      {
        "m_Specificity": 11,
        "m_Selectors": [
          {
            "m_Parts": [
              {
                "m_Value": "attribute-colour-good",
                "m_Type": 3
              }
            ],
            "m_PreviousRelationship": 0
          }
        ],
        "ruleIndex": 3
      },
      {
        "m_Specificity": 11,
        "m_Selectors": [
          {
            "m_Parts": [
              {
                "m_Value": "attribute-colour-great",
                "m_Type": 3
              }
            ],
            "m_PreviousRelationship": 0
          }
        ],
        "ruleIndex": 4
      }
    ],
    "floats": [
      1.0,
      1.0,
      1.0
    ],
    "dimensions": [],
    "colors": [
      {
        "r": 0.5058823823928833,
        "g": 0.5176470875740051,
        "b": 0.5529412031173706,
        "a": 1.0
      },
      {
        "r": 0.5058823823928833,
        "g": 0.5176470875740051,
        "b": 0.5529412031173706,
        "a": 1.0
      }
    ],
    "strings": [
      "--global-text-primary",
      "--colours-linear-scale-20",
      "--colours-data-ratings-star-ability-orange"
    ],
    "assets": [],
    "imports": [
      {
        "styleSheet": {
          "m_FileID": 3,
          "m_PathID": -820025129605260392
        },
        "mediaQueries": []
      }
    ],
    "m_FlattenedImportedStyleSheets": [
      {
        "m_FileID": 3,
        "m_PathID": -820025129605260392
      }
    ],
    "m_ContentHash": -439442137,
    "scalableImages": []
  }
}