{
  "m_Name": "StreamedObjectListStyles",
  "strings": [
    "--numbers-border-radius-medium",
    "--colours-alpha-light-alpha-8",
    "--spacing-padding-new-ex",
    "--spacing-padding-medium---16",
    "--spacing-padding-large---32",
    "--spacing-padding-extra-large---64",
    "--list-item-separator-color",
    "--list-item-separator-width",
    "--list-item-margin-bottom",
    "--list-item-padding-bottom",
    "flex-start",
    "--row-direction-normal",
    "center",
    "center",
    "flex-start",
    "all",
    "ease-in-out",
    "ease-out",
    "--cursor-clickable-1x-url",
    "--cursor-clickable-1x-hotspot-x",
    "--cursor-clickable-1x-hotspot-y",
    "center",
    "center",
    "flex-start",
    "visible"
  ],
  "colors": [
    {
      "r": 1.0,
      "g": 1.0,
      "b": 1.0,
      "a": 0.0
    },
    {
      "r": 0.9019607901573181,
      "g": 0.9019607901573181,
      "b": 0.9803921580314636,
      "a": 0.16078431904315948
    },
    {
      "r": 0.9019607901573181,
      "g": 0.9019607901573181,
      "b": 0.9803921580314636,
      "a": 0.3529411852359772
    },
    {
      "r": 0.686274528503418,
      "g": 0.47058823704719543,
      "b": 1.0,
      "a": 1.0
    },
    {
      "r": 0.9019607901573181,
      "g": 0.9019607901573181,
      "b": 0.9803921580314636,
      "a": 0.3529411852359772
    },
    {
      "r": 0.686274528503418,
      "g": 0.47058823704719543,
      "b": 1.0,
      "a": 1.0
    },
    {
      "r": 0.0,
      "g": 0.0,
      "b": 0.0,
      "a": 0.0
    },
    {
      "r": 0.0,
      "g": 0.0,
      "b": 0.0,
      "a": 0.0
    }
  ]
}