{
  "m_Name": "FMImages_3x",
  "strings": [
    "center",
    "center",
    "--spacing-large---32",
    "--colours-base-purple-20",
    "--colours-base-teal-20",
    "--colours-base-orange-50",
    "absolute",
    "--colours-alpha-dark-alpha-40",
    "absolute",
    "absolute",
    "absolute",
    "absolute",
    "absolute",
    "absolute",
    "absolute",
    "absolute",
    "absolute",
    "center",
    "center",
    "center",
    "center",
    "center",
    "center",
    "center",
    "center",
    "--rlt-x-flip",
    "--colours-base-red-50"
  ],
  "colors": [
    {
      "r": 0.9607843160629272,
      "g": 0.6352941393852234,
      "b": 0.027450980618596077,
      "a": 1.0
    },
    {
      "r": 0.7098039388656616,
      "g": 0.7176470756530762,
      "b": 0.7372549176216125,
      "a": 1.0
    },
    {
      "r": 0.7098039388656616,
      "g": 0.7176470756530762,
      "b": 0.7372549176216125,
      "a": 1.0
    },
    {
      "r": 0.003921568859368563,
      "g": 0.8078431487083435,
      "b": 0.38823530077934265,
      "a": 1.0
    },
    {
      "r": 0.9490196108818054,
      "g": 0.1725490242242813,
      "b": 0.1725490242242813,
      "a": 1.0
    },
    {
      "r": 0.30588236451148987,
      "g": 0.9215686321258545,
      "b": 0.239215686917305,
      "a": 1.0
    },
    {
      "r": 0.9490196108818054,
      "g": 0.1725490242242813,
      "b": 0.1725490242242813,
      "a": 1.0
    },
    {
      "r": 0.30588236451148987,
      "g": 0.9215686321258545,
      "b": 0.239215686917305,
      "a": 1.0
    },
    {
      "r": 0.9490196108818054,
      "g": 0.1725490242242813,
      "b": 0.1725490242242813,
      "a": 1.0
    },
    {
      "r": 0.30588236451148987,
      "g": 0.9215686321258545,
      "b": 0.239215686917305,
      "a": 1.0
    }
  ]
}