{
  "m_Name": "MatchUIStyles",
  "strings": [
    "center",
    "center",
    "center",
    "flex",
    "--spacing-padding-small---8",
    "column",
    "space-between",
    "flex-start",
    "stretch",
    "--row-direction-normal",
    "--colours-alpha-dark-alpha-56",
    "flex",
    "center",
    "--spacing-small---8",
    "flex",
    "center",
    "center",
    "--colours-alpha-dark-alpha-40",
    "flex",
    "--numbers-border-radius-extra-large",
    "center",
    "--global-radius-small",
    "--global-border-width-thin",
    "--core-controls-border-pc-default",
    "--colours-alpha-transparent-0",
    "flex-start",
    "center",
    "column",
    "center",
    "column",
    "center",
    "top",
    "column",
    "flex-start",
    "column",
    "flex-start",
    "top",
    "top",
    "top",
    "translate",
    "ease-in-out",
    "opacity",
    "ease-in-out",
    "scale",
    "opacity",
    "ease-in-out",
    "scale",
    "opacity",
    "ease-in-out",
    "opacity",
    "ease-in-out",
    "scale",
    "opacity",
    "ease-in-out",
    "scale",
    "opacity",
    "ease-in-out",
    "scale",
    "opacity",
    "ease-in-out",
    "opacity",
    "ease-in-out",
    "opacity",
    "ease-in-out",
    "center",
    "--global-border-color",
    "center",
    "--spacing-large---24",
    "bold",
    "middle-center",
    "bold",
    "hidden",
    "nowrap",
    "ellipsis",
    "middle-left",
    "hidden",
    "nowrap",
    "ellipsis",
    "middle-left",
    "center",
    "stretch",
    "middle-right",
    "middle-left",
    "middle-center",
    "nowrap",
    "normal",
    "absolute",
    "upper-center",
    "nowrap",
    "middle-left",
    "middle-right",
    "center",
    "stretch",
    "middle-left",
    "center",
    "center",
    "center",
    "center",
    "center",
    "hidden",
    "center",
    "center",
    "bold",
    "upper-right",
    "nowrap",
    "middle-center",
    "middle-left",
    "hidden",
    "nowrap",
    "ellipsis",
    "middle-left",
    "bold",
    "flex-start",
    "center",
    "center",
    "center",
    "center",
    "center",
    "center",
    "center",
    "middle-center",
    "hidden",
    "center",
    "center",
    "center",
    "normal",
    "upper-left",
    "flex-start",
    "column-reverse",
    "project://database/Assets/UIAssets/Fonts/Licenced/UEFA/UWCL/ChampionsSerifMono-Regular%20SDF.asset?fileID=11400000&amp;guid=30b819f6d88819446b81702783973bfb&amp;type=2#ChampionsSerifMono-Regular SDF&quot;",
    "center",
    "center",
    "center",
    "nowrap",
    "middle-right",
    "center",
    "middle-left",
    "hidden",
    "nowrap",
    "ellipsis",
    "center",
    "center",
    "center",
    "middle-center",
    "bold",
    "center",
    "center",
    "center",
    "flex-end",
    "middle-center",
    "nowrap",
    "normal",
    "absolute",
    "absolute",
    "flex-start",
    "flex-end",
    "flex-start",
    "absolute",
    "middle-center",
    "flex-end",
    "bold",
    "upper-center",
    "nowrap",
    "center",
    "center",
    "center",
    "center",
    "center",
    "center",
    "normal",
    "upper-right",
    "center",
    "center",
    "center",
    "nowrap",
    "middle-center",
    "middle-left",
    "nowrap",
    "ellipsis",
    "hidden",
    "middle-left",
    "middle-left",
    "center",
    "center",
    "bold",
    "center",
    "absolute",
    "scale-and-crop",
    "center",
    "center"
  ],
  "colors": [
    {
      "r": 0.03921568766236305,
      "g": 0.05882352963089943,
      "b": 0.11764705926179886,
      "a": 0.9019607901573181
    },
    {
      "r": 1.0,
      "g": 0.95686274766922,
      "b": 0.95686274766922,
      "a": 0.0
    },
    {
      "r": 1.0,
      "g": 1.0,
      "b": 1.0,
      "a": 0.08235294371843338
    },
    {
      "r": 1.0,
      "g": 1.0,
      "b": 1.0,
      "a": 0.08235294371843338
    },
    {
      "r": 1.0,
      "g": 1.0,
      "b": 1.0,
      "a": 0.08235294371843338
    },
    {
      "r": 0.03921568766236305,
      "g": 0.05882352963089943,
      "b": 0.11764705926179886,
      "a": 0.9019607901573181
    },
    {
      "r": 0.0,
      "g": 0.0,
      "b": 0.0,
      "a": 1.0
    },
    {
      "r": 0.1411764770746231,
      "g": 0.1411764770746231,
      "b": 0.13725490868091583,
      "a": 1.0
    },
    {
      "r": 0.1411764770746231,
      "g": 0.1411764770746231,
      "b": 0.13725490868091583,
      "a": 1.0
    },
    {
      "r": 0.20000000298023224,
      "g": 0.3607843220233917,
      "b": 0.6000000238418579,
      "a": 1.0
    },
    {
      "r": 0.26274511218070984,
      "g": 0.26274511218070984,
      "b": 0.26274511218070984,
      "a": 1.0
    },
    {
      "r": 0.9882352948188782,
      "g": 0.43529412150382996,
      "b": 0.3137255012989044,
      "a": 0.0
    },
    {
      "r": 0.9882352948188782,
      "g": 0.43529412150382996,
      "b": 0.3137255012989044,
      "a": 1.0
    },
    {
      "r": 0.07450980693101883,
      "g": 1.0,
      "b": 0.5254902243614197,
      "a": 0.0
    },
    {
      "r": 0.07450980693101883,
      "g": 1.0,
      "b": 0.5254902243614197,
      "a": 1.0
    },
    {
      "r": 0.003921568859368563,
      "g": 0.5647059082984924,
      "b": 0.7058823704719543,
      "a": 1.0
    },
    {
      "r": 0.18431372940540314,
      "g": 0.3176470696926117,
      "b": 0.6196078658103943,
      "a": 1.0
    },
    {
      "r": 0.0235294122248888,
      "g": 0.8549019694328308,
      "b": 0.9490196108818054,
      "a": 0.0
    },
    {
      "r": 0.0235294122248888,
      "g": 0.8549019694328308,
      "b": 0.9490196108818054,
      "a": 1.0
    },
    {
      "r": 0.13725490868091583,
      "g": 0.4588235318660736,
      "b": 0.7098039388656616,
      "a": 1.0
    },
    {
      "r": 0.18039216101169586,
      "g": 0.3137255012989044,
      "b": 0.6196078658103943,
      "a": 1.0
    },
    {
      "r": 0.0,
      "g": 0.9450980424880981,
      "b": 0.5411764979362488,
      "a": 0.0
    },
    {
      "r": 0.0,
      "g": 0.9450980424880981,
      "b": 0.5411764979362488,
      "a": 1.0
    },
    {
      "r": 0.09019608050584793,
      "g": 0.1764705926179886,
      "b": 0.3921568691730499,
      "a": 1.0
    },
    {
      "r": 0.09019608050584793,
      "g": 0.1764705926179886,
      "b": 0.3921568691730499,
      "a": 0.0
    },
    {
      "r": 0.0,
      "g": 0.0,
      "b": 0.0,
      "a": 0.0
    },
    {
      "r": 0.0,
      "g": 0.0,
      "b": 0.0,
      "a": 0.0
    },
    {
      "r": 0.239215686917305,
      "g": 0.0,
      "b": 0.24313725531101227,
      "a": 1.0
    },
    {
      "r": 0.24705882370471954,
      "g": 0.24705882370471954,
      "b": 0.24705882370471954,
      "a": 1.0
    },
    {
      "r": 1.0,
      "g": 1.0,
      "b": 1.0,
      "a": 1.0
    },
    {
      "r": 1.0,
      "g": 1.0,
      "b": 1.0,
      "a": 1.0
    },
    {
      "r": 0.0,
      "g": 0.0,
      "b": 0.0,
      "a": 1.0
    },
    {
      "r": 0.20000000298023224,
      "g": 0.3607843220233917,
      "b": 0.6000000238418579,
      "a": 1.0
    },
    {
      "r": 0.20000000298023224,
      "g": 0.3607843220233917,
      "b": 0.6000000238418579,
      "a": 1.0
    },
    {
      "r": 0.20000000298023224,
      "g": 0.3607843220233917,
      "b": 0.6000000238418579,
      "a": 1.0
    },
    {
      "r": 0.20000000298023224,
      "g": 0.3607843220233917,
      "b": 0.6000000238418579,
      "a": 1.0
    },
    {
      "r": 0.0,
      "g": 0.7372549176216125,
      "b": 0.8941176533699036,
      "a": 1.0
    },
    {
      "r": 0.0,
      "g": 0.7372549176216125,
      "b": 0.8941176533699036,
      "a": 1.0
    },
    {
      "r": 0.0,
      "g": 0.0,
      "b": 0.0,
      "a": 1.0
    },
    {
      "r": 0.0,
      "g": 0.7372549176216125,
      "b": 0.8941176533699036,
      "a": 1.0
    },
    {
      "r": 0.0,
      "g": 0.0,
      "b": 0.0,
      "a": 1.0
    },
    {
      "r": 0.0,
      "g": 0.9411764740943909,
      "b": 0.5176470875740051,
      "a": 1.0
    },
    {
      "r": 0.0,
      "g": 0.9411764740943909,
      "b": 0.5176470875740051,
      "a": 1.0
    },
    {
      "r": 1.0,
      "g": 0.8274509906768799,
      "b": 0.0,
      "a": 1.0
    },
    {
      "r": 0.9882352948188782,
      "g": 0.43529412150382996,
      "b": 0.3137255012989044,
      "a": 1.0
    },
    {
      "r": 0.0,
      "g": 0.9411764740943909,
      "b": 0.5176470875740051,
      "a": 1.0
    },
    {
      "r": 0.0,
      "g": 0.0,
      "b": 0.0,
      "a": 1.0
    },
    {
      "r": 0.24705882370471954,
      "g": 0.24705882370471954,
      "b": 0.24705882370471954,
      "a": 1.0
    },
    {
      "r": 1.0,
      "g": 1.0,
      "b": 1.0,
      "a": 1.0
    },
    {
      "r": 1.0,
      "g": 0.8274509906768799,
      "b": 0.0,
      "a": 1.0
    },
    {
      "r": 0.0,
      "g": 0.9411764740943909,
      "b": 0.5176470875740051,
      "a": 1.0
    },
    {
      "r": 0.0,
      "g": 0.9411764740943909,
      "b": 0.5176470875740051,
      "a": 1.0
    },
    {
      "r": 1.0,
      "g": 1.0,
      "b": 1.0,
      "a": 1.0
    },
    {
      "r": 0.0,
      "g": 0.0,
      "b": 0.0,
      "a": 1.0
    },
    {
      "r": 0.027450980618596077,
      "g": 0.3137255012989044,
      "b": 0.6392157077789307,
      "a": 0.8509804010391235
    },
    {
      "r": 0.1764705926179886,
      "g": 0.7843137383460999,
      "b": 0.572549045085907,
      "a": 1.0
    },
    {
      "r": 0.05098039284348488,
      "g": 0.14509804546833038,
      "b": 0.3137255012989044,
      "a": 1.0
    },
    {
      "r": 0.05098039284348488,
      "g": 0.14509804546833038,
      "b": 0.3137255012989044,
      "a": 1.0
    },
    {
      "r": 0.0,
      "g": 0.9411764740943909,
      "b": 0.5176470875740051,
      "a": 1.0
    }
  ]
}