{
  "m_Name": "PlayerStatusStyles",
  "strings": [
    "--colours-linear-scale-1",
    "--colours-brand-highlight-red",
    "--colours-base-red-20",
    "--colours-base-grey-20",
    "--colours-base-neutral-white",
    "--colours-linear-scale-5",
    "--colours-base-orange-50",
    "--colours-base-orange-20",
    "--colours-base-yellow-50",
    "--colours-base-teal-20",
    "--colours-base-teal-50",
    "--colours-linear-scale-20",
    "--colours-base-blue-20"
  ],
  "colors": [
    {
      "r": 0.9019607901573181,
      "g": 0.9019607901573181,
      "b": 0.9803921580314636,
      "a": 0.3529411852359772
    },
    {
      "r": 0.9019607901573181,
      "g": 0.9019607901573181,
      "b": 0.9803921580314636,
      "a": 0.7529411911964417
    }
  ]
}