{
  "m_Name": "iPhoneStyles",
  "strings": [
    "middle-center",
    "middle-center",
    "middle-center",
    "middle-center",
    "middle-center",
    "--global-radius-small",
    "--global-border-width-thin",
    "--core-controls-border-pc-default",
    "--core-controls-surface-pc-default",
    "--global-text-secondary",
    "center",
    "absolute",
    "--colours-brand-foundation-horizon",
    "flex",
    "--colours-brand-foundation-air",
    "right",
    "flex",
    "absolute",
    "--global-padding-none",
    "stretch",
    "absolute",
    "absolute",
    "--midnight",
    "absolute",
    "absolute",
    "hidden",
    "column",
    "center",
    "--colours-alpha-dark-alpha-40",
    "column",
    "center",
    "flex-start",
    "middle-left",
    "normal",
    "middle-left",
    "normal",
    "middle-left",
    "wrap",
    "stretch",
    "center",
    "--midnight-alpha-80",
    "stretch",
    "center",
    "scale-to-fit",
    "scale-to-fit",
    "--data-tables-background",
    "absolute",
    "flex-end",
    "--tiles-border-default",
    "--pitch-tile-default-background",
    "--row-direction-always-normal",
    "flex",
    "middle-center",
    "column",
    "--flex-start-normal",
    "--buttons-primary-border-default",
    "--buttons-primary-surface-default",
    "--colours-brand-fm25-midnight-60",
    "center",
    "nowrap",
    "hidden",
    "ellipsis",
    "--colours-brand-fm25-lilac",
    "--colours-brand-foundation-cloud",
    "flex-end",
    "center",
    "center",
    "null",
    "column",
    "center",
    "center",
    "--colours-tactics-attacking-midfield-foreground",
    "--colours-tactics-attacking-midfield-background",
    "column",
    "center",
    "center",
    "column",
    "center",
    "center",
    "--colours-tactics-defender-foreground",
    "--colours-tactics-defender-background",
    "column",
    "center",
    "center",
    "column",
    "center",
    "center",
    "--colours-tactics-defensive-midfield-foreground",
    "--colours-tactics-defensive-midfield-background",
    "column",
    "center",
    "center",
    "column",
    "center",
    "center",
    "--colours-tactics-goalkeeper-foreground",
    "--global-text-primary",
    "--colours-tactics-goalkeeper-background",
    "column",
    "center",
    "center",
    "column",
    "center",
    "center",
    "--colours-tactics-midfield-foreground",
    "--colours-tactics-midfield-background",
    "column",
    "center",
    "center",
    "column",
    "center",
    "center",
    "--colours-base-green-60",
    "column",
    "center",
    "center",
    "--colours-tactics-striker-foreground",
    "--colours-tactics-striker-background",
    "column",
    "center",
    "center",
    "flex-start",
    "absolute",
    "nowrap",
    "--notificationmessagesstatus-actions-default-gradient-start",
    "--notificationmessagesstatus-actions-default-gradient-end",
    "--notificationmessagesstatus-actions-performed-gradient-start",
    "--notificationmessagesstatus-actions-performed-gradient-end",
    "--notificationmessagesstatus-actions-required-gradient-start",
    "--notificationmessagesstatus-actions-required-gradient-end"
  ],
  "colors": [
    {
      "r": 0.03921568766236305,
      "g": 0.05882352963089943,
      "b": 0.11764705926179886,
      "a": 0.8039215803146362
    },
    {
      "r": 0.03921568766236305,
      "g": 0.05882352963089943,
      "b": 0.11764705926179886,
      "a": 0.8039215803146362
    },
    {
      "r": 0.03921568766236305,
      "g": 0.05882352963089943,
      "b": 0.11764705926179886,
      "a": 0.0
    },
    {
      "r": 0.0,
      "g": 0.0,
      "b": 0.0,
      "a": 0.0
    },
    {
      "r": 0.9019607901573181,
      "g": 0.9019607901573181,
      "b": 0.9803921580314636,
      "a": 1.0
    },
    {
      "r": 0.03921568766236305,
      "g": 0.05882352963089943,
      "b": 0.11764705926179886,
      "a": 0.9019607901573181
    },
    {
      "r": 0.0,
      "g": 0.0,
      "b": 0.0,
      "a": 0.0
    },
    {
      "r": 0.0,
      "g": 0.0,
      "b": 0.0,
      "a": 0.0
    },
    {
      "r": 1.0,
      "g": 1.0,
      "b": 1.0,
      "a": 0.08235294371843338
    },
    {
      "r": 0.03921568766236305,
      "g": 0.05882352963089943,
      "b": 0.11764705926179886,
      "a": 0.8039215803146362
    },
    {
      "r": 0.03921568766236305,
      "g": 0.05882352963089943,
      "b": 0.11764705926179886,
      "a": 0.9019607901573181
    },
    {
      "r": 0.03921568766236305,
      "g": 0.05882352963089943,
      "b": 0.11764705926179886,
      "a": 0.9019607901573181
    },
    {
      "r": 1.0,
      "g": 1.0,
      "b": 1.0,
      "a": 0.08235294371843338
    },
    {
      "r": 0.03921568766236305,
      "g": 0.05882352963089943,
      "b": 0.11764705926179886,
      "a": 0.8039215803146362
    },
    {
      "r": 0.03921568766236305,
      "g": 0.05882352963089943,
      "b": 0.11764705926179886,
      "a": 0.501960813999176
    },
    {
      "r": 0.0,
      "g": 0.0,
      "b": 0.0,
      "a": 0.0
    },
    {
      "r": 1.0,
      "g": 1.0,
      "b": 1.0,
      "a": 0.08235294371843338
    },
    {
      "r": 0.03921568766236305,
      "g": 0.05882352963089943,
      "b": 0.11764705926179886,
      "a": 0.9019607901573181
    },
    {
      "r": 0.29019609093666077,
      "g": 0.29019609093666077,
      "b": 0.29019609093666077,
      "a": 1.0
    },
    {
      "r": 0.0,
      "g": 0.0,
      "b": 0.0,
      "a": 0.0
    },
    {
      "r": 0.007843137718737125,
      "g": 0.007843137718737125,
      "b": 0.007843137718737125,
      "a": 0.9411764740943909
    },
    {
      "r": 0.03921568766236305,
      "g": 0.05882352963089943,
      "b": 0.11764705926179886,
      "a": 0.7019608020782471
    },
    {
      "r": 0.03921568766236305,
      "g": 0.05882352963089943,
      "b": 0.11764705926179886,
      "a": 1.0
    }
  ]
}