{
  "m_Name": "AttributeColoursAlternative",
  "strings": [
    "--global-text-primary",
    "--colours-linear-scale-20",
    "--colours-data-ratings-star-ability-orange"
  ],
  "colors": [
    {
      "r": 0.9568627450980393,
      "g": 0.34901960784313724,
      "b": 0.11764705882352941,
      "a": 1.0
    },
    {
      "r": 0.9607843137254902,
      "g": 0.6352941176470588,
      "b": 0.027450980392156862,
      "a": 1.0
    },
    {
      "r": 0.9686274509803922,
      "g": 0.9529411764705882,
      "b": 0.06666666666666667,
      "a": 1.0
    },
    {
      "r": 0.7607843137254902,
      "g": 0.8784313725490196,
      "b": 0.1568627450980392,
      "a": 1.0
    },
    {
      "r": 0.396078431372549,
      "g": 0.8980392156862745,
      "b": 0.22745098039215686,
      "a": 1.0
    }
  ]
}