{
  "m_Name": "FigmaStyleVariables",
  "strings": [
    "--numbers-border-radius-medium",
    "--colours-alpha-dark-card-alpha-85",
    "--colours-alpha-dark-card-alpha-70",
    "--colours-alpha-dark-card-alpha-57",
    "--colours-alpha-dark-alpha-40",
    "--colours-alpha-dark-alpha-48",
    "--colours-alpha-light-alpha-20",
    "--colours-alpha-dark-alpha-56",
    "--colours-alpha-light-alpha-16",
    "--colours-brand-foundation-midnight-100",
    "--colours-brand-foundation-midnight-70",
    "--global-text-primary",
    "--colours-alpha-light-alpha-8",
    "--colours-alpha-light-alpha-12",
    "--global-text-men-primary",
    "--global-text-men-secondary",
    "--global-text-women-primary",
    "--global-text-women-secondary",
    "--layout-ui-cell-focus-default-border",
    "--communication-manager-club",
    "--communication-manager-affiated-club",
    "--colours-brand-foundation-midnight",
    "--colours-linear-scale-1",
    "--colours-linear-scale-7",
    "--colours-brand-highlight-pink",
    "--colours-linear-scale-14",
    "--colours-linear-scale-20",
    "--colours-linear-scale-5",
    "--colours-linear-scale-10",
    "--colours-linear-scale-15",
    "--colours-linear-scale-4",
    "--colours-linear-scale-8",
    "--colours-linear-scale-12",
    "--colours-linear-scale-16",
    "--colours-linear-scale-3",
    "--colours-linear-scale-6",
    "--colours-linear-scale-13",
    "--colours-base-green-50",
    "--colours-base-purple-50",
    "--colours-base-blue-50",
    "--colours-base-pink-50",
    "--colours-base-yellow-50",
    "--colours-base-cyan-50",
    "--colours-base-orange-50",
    "--colours-base-red-50",
    "--colours-brand-highlight-red",
    "--colours-brand-foundation-horizon",
    "--colours-brand-highlight-orange",
    "--communication-feedback-information",
    "--colours-brand-foundation-air",
    "--colours-alpha-light-alpha-35",
    "--colours-brand-foundation-white",
    "--colours-alpha-light-alpha-14",
    "center",
    "stretch",
    "flex-start",
    "--colours-brand-foundation-twilight",
    "--colours-brand-tints-twilight-120",
    "--buttons-primary-border-default",
    "--colours-alpha-transparent-0",
    "--colours-alpha-light-alpha-85",
    "--colours-base-grey-20",
    "--colours-base-orange-20",
    "--colours-base-blue-20",
    "--colours-base-grey-60",
    "--colours-base-lime-20",
    "--colours-data-ratings-average-rating-bad",
    "--colours-data-ratings-average-rating-good",
    "--colours-data-ratings-average-rating-excellent",
    "--colours-base-grey-50",
    "--colours-base-neutral-white",
    "--colours-tactics-base-50",
    "--colours-base-teal-20",
    "--colours-base-pink-20",
    "--colours-base-orange-40",
    "--colours-base-yellow-40",
    "--colours-brand-fm25-twiight",
    "--colours-alpha-light-alpha-65",
    "--colours-base-neutral-black",
    "--colours-brand-fm25-midnight",
    "--communication-accessibility-focus",
    "--colours-brand-fm25-lilac",
    "--linear-ranges-7-values-7",
    "--linear-ranges-7-values-6",
    "--linear-ranges-7-values-5",
    "--linear-ranges-7-values-4",
    "--linear-ranges-7-values-3",
    "--linear-ranges-7-values-2",
    "--linear-ranges-7-values-1",
    "--border-width-border-width-4",
    "--border-width-border-width-2",
    "--border-width-border-width-1",
    "--height-height-40",
    "--height-height-32",
    "--height-height-24",
    "--gap-gap-32",
    "--gap-gap-24",
    "--gap-gap-16",
    "--gap-gap-12",
    "--gap-gap-8",
    "--gap-gap-4",
    "--gap-gap-2",
    "--gap-gap-0",
    "--padding-padding-12",
    "--padding-padding-8",
    "--padding-padding-32",
    "--padding-padding-24",
    "--padding-padding-16",
    "--padding-padding-4",
    "--padding-padding-2",
    "--padding-padding-0",
    "--border-radius-radius-16",
    "--border-radius-radius-12",
    "--border-radius-radius-8",
    "--border-radius-radius-4",
    "--border-radius-radius-0",
    "--colours-alpha-light-alpha-75",
    "--transition-03",
    "--transition-025",
    "--transition-015",
    "--transition-02",
    "--border-radius-radius-2",
    "--global-text-secondary",
    "--colours-brand-foundation-twinight-120",
    "--global-icon-surface-transparency",
    "--colours-brand-foundation-twinight"
  ],
  "colors": [
    {
      "r": 0.5764706134796143,
      "g": 0.5764706134796143,
      "b": 0.5764706134796143,
      "a": 1.0
    },
    {
      "r": 0.8784313797950745,
      "g": 0.8784313797950745,
      "b": 0.8784313797950745,
      "a": 1.0
    },
    {
      "r": 0.9411764740943909,
      "g": 0.3450980484485626,
      "b": 0.5333333611488342,
      "a": 1.0
    },
    {
      "r": 0.21960784494876862,
      "g": 0.6274510025978088,
      "b": 0.9607843160629272,
      "a": 1.0
    },
    {
      "r": 1.0,
      "g": 0.772549033164978,
      "b": 0.25882354378700256,
      "a": 1.0
    },
    {
      "r": 0.03921568766236305,
      "g": 0.05882352963089943,
      "b": 0.11764705926179886,
      "a": 0.5607843399047852
    },
    {
      "r": 0.9019607901573181,
      "g": 0.9019607901573181,
      "b": 0.9803921580314636,
      "a": 0.8509804010391235
    },
    {
      "r": 0.0196078431372549,
      "g": 0.043137254901960784,
      "b": 0.08235294117647059,
      "a": 0.9490196078431372
    },
    {
      "r": 0.0196078431372549,
      "g": 0.043137254901960784,
      "b": 0.08235294117647059,
      "a": 0.8509803921568627
    },
    {
      "r": 0.027450980392156862,
      "g": 0.058823529411764705,
      "b": 0.11764705882352941,
      "a": 1.0
    },
    {
      "r": 0.0196078431372549,
      "g": 0.043137254901960784,
      "b": 0.08235294117647059,
      "a": 0.5686274509803921
    },
    {
      "r": 0.03921568766236305,
      "g": 0.05882352963089943,
      "b": 0.11764705926179886,
      "a": 0.48235294222831726
    },
    {
      "r": 0.9019607843137255,
      "g": 0.9019607843137255,
      "b": 0.9803921568627451,
      "a": 0.6509803921568628
    },
    {
      "r": 0.9019607843137255,
      "g": 0.9019607843137255,
      "b": 0.9803921568627451,
      "a": 0.7490196078431373
    },
    {
      "r": 0.0196078431372549,
      "g": 0.043137254901960784,
      "b": 0.08235294117647059,
      "a": 0.4
    },
    {
      "r": 0.0196078431372549,
      "g": 0.043137254901960784,
      "b": 0.08235294117647059,
      "a": 0.9019607843137255
    },
    {
      "r": 0.9019607843137255,
      "g": 0.9019607843137255,
      "b": 0.9803921568627451,
      "a": 0.34901960784313724
    },
    {
      "r": 0.9019607843137255,
      "g": 0.9019607843137255,
      "b": 0.9803921568627451,
      "a": 0.0
    },
    {
      "r": 0.9019607843137255,
      "g": 0.9019607843137255,
      "b": 0.9803921568627451,
      "a": 0.0
    },
    {
      "r": 0.9019607843137255,
      "g": 0.9019607843137255,
      "b": 0.9803921568627451,
      "a": 0.0
    },
    {
      "r": 0.9019607843137255,
      "g": 0.9019607843137255,
      "b": 0.9803921568627451,
      "a": 0.0
    },
    {
      "r": 0.9019607843137255,
      "g": 0.9019607843137255,
      "b": 0.9803921568627451,
      "a": 0.0784313725490196
    },
    {
      "r": 0.9019607901573181,
      "g": 0.9019607901573181,
      "b": 0.9803921580314636,
      "a": 0.0
    },
    {
      "r": 0.3607843137254902,
      "g": 0.8392156862745098,
      "b": 0.3686274509803922,
      "a": 1.0
    },
    {
      "r": 0.4470588235294118,
      "g": 0.8117647058823529,
      "b": 0.30980392156862746,
      "a": 1.0
    },
    {
      "r": 0.5215686274509804,
      "g": 0.788235294117647,
      "b": 0.25098039215686274,
      "a": 1.0
    },
    {
      "r": 0.5803921568627451,
      "g": 0.7607843137254902,
      "b": 0.19607843137254902,
      "a": 1.0
    },
    {
      "r": 0.6352941176470588,
      "g": 0.7372549019607844,
      "b": 0.1411764705882353,
      "a": 1.0
    },
    {
      "r": 0.6784313725490196,
      "g": 0.7058823529411765,
      "b": 0.08235294117647059,
      "a": 1.0
    },
    {
      "r": 0.7176470588235294,
      "g": 0.6784313725490196,
      "b": 0.01568627450980392,
      "a": 1.0
    },
    {
      "r": 0.7529411764705882,
      "g": 0.6509803921568628,
      "b": 0.0,
      "a": 1.0
    },
    {
      "r": 0.7803921568627451,
      "g": 0.6235294117647059,
      "b": 0.0,
      "a": 1.0
    },
    {
      "r": 0.803921568627451,
      "g": 0.592156862745098,
      "b": 0.0,
      "a": 1.0
    },
    {
      "r": 0.8274509803921568,
      "g": 0.5647058823529412,
      "b": 0.0,
      "a": 1.0
    },
    {
      "r": 0.8470588235294118,
      "g": 0.5333333333333333,
      "b": 0.01568627450980392,
      "a": 1.0
    },
    {
      "r": 0.8627450980392157,
      "g": 0.5019607843137255,
      "b": 0.08627450980392157,
      "a": 1.0
    },
    {
      "r": 0.8666666666666667,
      "g": 0.47843137254901963,
      "b": 0.13333333333333333,
      "a": 1.0
    },
    {
      "r": 0.8705882352941177,
      "g": 0.4549019607843137,
      "b": 0.17647058823529413,
      "a": 1.0
    },
    {
      "r": 0.8705882352941177,
      "g": 0.43137254901960786,
      "b": 0.21568627450980393,
      "a": 1.0
    },
    {
      "r": 0.8666666666666667,
      "g": 0.40784313725490196,
      "b": 0.25882352941176473,
      "a": 1.0
    },
    {
      "r": 0.8627450980392157,
      "g": 0.38823529411764707,
      "b": 0.2980392156862745,
      "a": 1.0
    },
    {
      "r": 0.8509803921568627,
      "g": 0.37254901960784315,
      "b": 0.3411764705882353,
      "a": 1.0
    },
    {
      "r": 0.8392156862745098,
      "g": 0.3607843137254902,
      "b": 0.39215686274509803,
      "a": 1.0
    },
    {
      "r": 0.9490196108818054,
      "g": 0.1725490242242813,
      "b": 0.1725490242242813,
      "a": 0.16078431904315948
    },
    {
      "r": 0.95686274766922,
      "g": 0.3490196168422699,
      "b": 0.11764705926179886,
      "a": 0.16078431904315948
    },
    {
      "r": 0.9607843160629272,
      "g": 0.6352941393852234,
      "b": 0.027450980618596077,
      "a": 0.16078431904315948
    },
    {
      "r": 0.9686274528503418,
      "g": 0.9529411792755127,
      "b": 0.06666667014360428,
      "a": 0.16078431904315948
    },
    {
      "r": 0.9019607901573181,
      "g": 0.9607843160629272,
      "b": 0.10196078568696976,
      "a": 0.16078431904315948
    },
    {
      "r": 0.8313725590705872,
      "g": 0.9176470637321472,
      "b": 0.12941177189350128,
      "a": 0.16078431904315948
    },
    {
      "r": 0.6823529601097107,
      "g": 0.8313725590705872,
      "b": 0.1921568661928177,
      "a": 0.16078431904315948
    },
    {
      "r": 0.3960784375667572,
      "g": 0.8980392217636108,
      "b": 0.22745098173618317,
      "a": 0.16078431904315948
    },
    {
      "r": 0.3960784375667572,
      "g": 0.8980392217636108,
      "b": 0.22745098173618317,
      "a": 0.3529411852359772
    },
    {
      "r": 0.3960784375667572,
      "g": 0.8980392217636108,
      "b": 0.22745098173618317,
      "a": 0.8039215803146362
    },
    {
      "r": 0.9803921580314636,
      "g": 0.9803921580314636,
      "b": 0.9803921580314636,
      "a": 1.0
    },
    {
      "r": 0.03921568766236305,
      "g": 0.05882352963089943,
      "b": 0.11764705926179886,
      "a": 1.0
    },
    {
      "r": 0.7098039388656616,
      "g": 0.7176470756530762,
      "b": 0.7372549176216125,
      "a": 1.0
    },
    {
      "r": 0.7098039388656616,
      "g": 0.7176470756530762,
      "b": 0.7372549176216125,
      "a": 1.0
    },
    {
      "r": 0.42352941632270813,
      "g": 0.43529412150382996,
      "b": 0.47058823704719543,
      "a": 1.0
    },
    {
      "r": 0.21568627655506134,
      "g": 0.21960784494876862,
      "b": 0.23529411852359772,
      "a": 1.0
    },
    {
      "r": 0.21568627655506134,
      "g": 0.21960784494876862,
      "b": 0.23529411852359772,
      "a": 1.0
    },
    {
      "r": 0.9843137264251709,
      "g": 1.0,
      "b": 0.5411764979362488,
      "a": 1.0
    },
    {
      "r": 0.8392156958580017,
      "g": 0.9137254953384399,
      "b": 0.5960784554481506,
      "a": 1.0
    },
    {
      "r": 0.6470588445663452,
      "g": 0.9960784316062927,
      "b": 0.9647058844566345,
      "a": 1.0
    },
    {
      "r": 0.9411764740943909,
      "g": 0.7450980544090271,
      "b": 0.5568627715110779,
      "a": 1.0
    },
    {
      "r": 0.7019608020782471,
      "g": 0.9647058844566345,
      "b": 0.6745098233222961,
      "a": 1.0
    },
    {
      "r": 0.5686274766921997,
      "g": 0.9529411792755127,
      "b": 0.7529411911964417,
      "a": 1.0
    },
    {
      "r": 0.9725490212440491,
      "g": 0.5882353186607361,
      "b": 0.5882353186607361,
      "a": 1.0
    },
    {
      "r": 0.5490196347236633,
      "g": 0.7254902124404907,
      "b": 0.9725490212440491,
      "a": 1.0
    },
    {
      "r": 0.8509804010391235,
      "g": 0.6235294342041016,
      "b": 0.95686274766922,
      "a": 1.0
    },
    {
      "r": 0.95686274766922,
      "g": 0.6745098233222961,
      "b": 0.8588235378265381,
      "a": 1.0
    },
    {
      "r": 0.9843137264251709,
      "g": 1.0,
      "b": 0.5411764979362488,
      "a": 1.0
    },
    {
      "r": 0.8392156958580017,
      "g": 0.9137254953384399,
      "b": 0.5960784554481506,
      "a": 1.0
    },
    {
      "r": 0.9411764740943909,
      "g": 0.7450980544090271,
      "b": 0.5568627715110779,
      "a": 1.0
    },
    {
      "r": 0.7019608020782471,
      "g": 0.9647058844566345,
      "b": 0.6745098233222961,
      "a": 1.0
    },
    {
      "r": 0.5686274766921997,
      "g": 0.9529411792755127,
      "b": 0.7529411911964417,
      "a": 1.0
    },
    {
      "r": 0.6470588445663452,
      "g": 0.9960784316062927,
      "b": 0.9647058844566345,
      "a": 1.0
    },
    {
      "r": 0.95686274766922,
      "g": 0.6745098233222961,
      "b": 0.8588235378265381,
      "a": 1.0
    },
    {
      "r": 0.5490196347236633,
      "g": 0.7254902124404907,
      "b": 0.9725490212440491,
      "a": 1.0
    },
    {
      "r": 0.8509804010391235,
      "g": 0.6235294342041016,
      "b": 0.95686274766922,
      "a": 1.0
    },
    {
      "r": 0.9725490212440491,
      "g": 0.5882353186607361,
      "b": 0.5882353186607361,
      "a": 1.0
    },
    {
      "r": 0.9607843160629272,
      "g": 0.6352941393852234,
      "b": 0.027450980618596077,
      "a": 1.0
    },
    {
      "r": 0.9686274528503418,
      "g": 1.0,
      "b": 0.07058823853731155,
      "a": 1.0
    },
    {
      "r": 0.6823529601097107,
      "g": 0.8313725590705872,
      "b": 0.1921568661928177,
      "a": 1.0
    },
    {
      "r": 0.30588236451148987,
      "g": 0.9215686321258545,
      "b": 0.239215686917305,
      "a": 1.0
    },
    {
      "r": 0.09803921729326248,
      "g": 0.45098039507865906,
      "b": 0.9411764740943909,
      "a": 1.0
    },
    {
      "r": 0.13333334028720856,
      "g": 0.9019607901573181,
      "b": 0.5058823823928833,
      "a": 1.0
    },
    {
      "r": 0.2980392277240753,
      "g": 0.9882352948188782,
      "b": 0.9333333373069763,
      "a": 1.0
    },
    {
      "r": 0.9098039269447327,
      "g": 0.3450980484485626,
      "b": 0.7137255072593689,
      "a": 1.0
    },
    {
      "r": 0.9490196108818054,
      "g": 0.1725490242242813,
      "b": 0.1725490242242813,
      "a": 1.0
    },
    {
      "r": 0.6980392336845398,
      "g": 0.24705882370471954,
      "b": 0.9098039269447327,
      "a": 1.0
    },
    {
      "r": 0.007843137718737125,
      "g": 0.6313725709915161,
      "b": 0.5803921818733215,
      "a": 1.0
    },
    {
      "r": 0.4431372582912445,
      "g": 0.24313725531101227,
      "b": 0.05882352963089943,
      "a": 1.0
    },
    {
      "r": 0.5215686559677124,
      "g": 0.5411764979362488,
      "b": 0.0,
      "a": 1.0
    },
    {
      "r": 0.3450980484485626,
      "g": 0.41960784792900085,
      "b": 0.09019608050584793,
      "a": 1.0
    },
    {
      "r": 0.11372549086809158,
      "g": 0.5803921818733215,
      "b": 0.062745101749897,
      "a": 1.0
    },
    {
      "r": 0.0313725508749485,
      "g": 0.2235294133424759,
      "b": 0.4901960790157318,
      "a": 1.0
    },
    {
      "r": 0.5529412031173706,
      "g": 0.07450980693101883,
      "b": 0.38823530077934265,
      "a": 1.0
    },
    {
      "r": 0.05098039284348488,
      "g": 0.46666666865348816,
      "b": 0.2549019753932953,
      "a": 1.0
    },
    {
      "r": 0.37254902720451355,
      "g": 0.062745101749897,
      "b": 0.5176470875740051,
      "a": 1.0
    },
    {
      "r": 0.5254902243614197,
      "g": 0.03529411926865578,
      "b": 0.03529411926865578,
      "a": 1.0
    },
    {
      "r": 0.5215686559677124,
      "g": 0.5411764979362488,
      "b": 0.0,
      "a": 1.0
    },
    {
      "r": 0.007843137718737125,
      "g": 0.6313725709915161,
      "b": 0.5803921818733215,
      "a": 1.0
    },
    {
      "r": 0.4627451002597809,
      "g": 0.2078431397676468,
      "b": 0.0,
      "a": 1.0
    },
    {
      "r": 0.3450980484485626,
      "g": 0.41960784792900085,
      "b": 0.09019608050584793,
      "a": 1.0
    },
    {
      "r": 0.11372549086809158,
      "g": 0.5803921818733215,
      "b": 0.062745101749897,
      "a": 1.0
    },
    {
      "r": 0.05098039284348488,
      "g": 0.46666666865348816,
      "b": 0.2549019753932953,
      "a": 1.0
    },
    {
      "r": 0.0313725508749485,
      "g": 0.2235294133424759,
      "b": 0.4901960790157318,
      "a": 1.0
    },
    {
      "r": 0.37254902720451355,
      "g": 0.062745101749897,
      "b": 0.5176470875740051,
      "a": 1.0
    },
    {
      "r": 0.5529412031173706,
      "g": 0.07450980693101883,
      "b": 0.38823530077934265,
      "a": 1.0
    },
    {
      "r": 0.5254902243614197,
      "g": 0.03529411926865578,
      "b": 0.03529411926865578,
      "a": 1.0
    },
    {
      "r": 0.007843137718737125,
      "g": 0.19607843458652496,
      "b": 1.0,
      "a": 1.0
    },
    {
      "r": 0.003921568859368563,
      "g": 0.0,
      "b": 0.33725491166114807,
      "a": 1.0
    },
    {
      "r": 0.0,
      "g": 0.9333333373069763,
      "b": 1.0,
      "a": 1.0
    },
    {
      "r": 0.6980392336845398,
      "g": 0.7450980544090271,
      "b": 0.7450980544090271,
      "a": 1.0
    },
    {
      "r": 0.007843137718737125,
      "g": 0.4745098054409027,
      "b": 0.43529412150382996,
      "a": 1.0
    },
    {
      "r": 0.0235294122248888,
      "g": 0.03529411926865578,
      "b": 0.07058823853731155,
      "a": 1.0
    },
    {
      "r": 0.05098039284348488,
      "g": 0.46666666865348816,
      "b": 0.2549019753932953,
      "a": 1.0
    },
    {
      "r": 0.13725490868091583,
      "g": 0.1568627506494522,
      "b": 0.2078431397676468,
      "a": 1.0
    },
    {
      "r": 0.04313725605607033,
      "g": 0.239215686917305,
      "b": 0.1764705926179886,
      "a": 1.0
    },
    {
      "r": 0.019607843831181526,
      "g": 0.10196078568696976,
      "b": 0.08627451211214066,
      "a": 1.0
    },
    {
      "r": 0.027450980618596077,
      "g": 0.15294118225574493,
      "b": 0.13333334028720856,
      "a": 1.0
    },
    {
      "r": 0.0313725508749485,
      "g": 0.2235294133424759,
      "b": 0.4901960790157318,
      "a": 1.0
    },
    {
      "r": 0.0470588244497776,
      "g": 0.26274511218070984,
      "b": 0.22745098173618317,
      "a": 1.0
    },
    {
      "r": 0.03529411926865578,
      "g": 0.12941177189350128,
      "b": 0.2823529541492462,
      "a": 1.0
    },
    {
      "r": 0.37254902720451355,
      "g": 0.062745101749897,
      "b": 0.5176470875740051,
      "a": 1.0
    },
    {
      "r": 0.07058823853731155,
      "g": 0.4000000059604645,
      "b": 0.3450980484485626,
      "a": 1.0
    },
    {
      "r": 0.18431372940540314,
      "g": 0.05882352963089943,
      "b": 0.29411765933036804,
      "a": 1.0
    },
    {
      "r": 0.5529412031173706,
      "g": 0.07450980693101883,
      "b": 0.38823530077934265,
      "a": 1.0
    },
    {
      "r": 0.0941176488995552,
      "g": 0.545098066329956,
      "b": 0.47058823704719543,
      "a": 1.0
    },
    {
      "r": 0.11372549086809158,
      "g": 0.6509804129600525,
      "b": 0.5607843399047852,
      "a": 1.0
    },
    {
      "r": 0.2666666805744171,
      "g": 0.06666667014360428,
      "b": 0.23529411852359772,
      "a": 1.0
    },
    {
      "r": 0.23529411852359772,
      "g": 0.23529411852359772,
      "b": 0.3529411852359772,
      "a": 1.0
    },
    {
      "r": 0.0235294122248888,
      "g": 0.24313725531101227,
      "b": 0.25882354378700256,
      "a": 1.0
    },
    {
      "r": 1.0,
      "g": 0.7215686440467834,
      "b": 0.16470588743686676,
      "a": 1.0
    },
    {
      "r": 0.003921568859368563,
      "g": 0.529411792755127,
      "b": 0.2823529541492462,
      "a": 1.0
    },
    {
      "r": 0.3450980484485626,
      "g": 0.501960813999176,
      "b": 0.003921568859368563,
      "a": 1.0
    },
    {
      "r": 0.9098039269447327,
      "g": 0.0,
      "b": 0.0,
      "a": 1.0
    },
    {
      "r": 0.0196078431372549,
      "g": 0.043137254901960784,
      "b": 0.0784313725490196,
      "a": 1.0
    },
    {
      "r": 0.0196078431372549,
      "g": 0.043137254901960784,
      "b": 0.0784313725490196,
      "a": 0.6
    },
    {
      "r": 0.0196078431372549,
      "g": 0.043137254901960784,
      "b": 0.0784313725490196,
      "a": 0.6980392156862745
    },
    {
      "r": 0.0196078431372549,
      "g": 0.043137254901960784,
      "b": 0.0784313725490196,
      "a": 1.0
    },
    {
      "r": 0.5450980392156862,
      "g": 0.13725490196078433,
      "b": 0.4,
      "a": 1.0
    },
    {
      "r": 0.5450980392156862,
      "g": 0.13725490196078433,
      "b": 0.4,
      "a": 1.0
    },
    {
      "r": 0.8235294117647058,
      "g": 0.7843137254901961,
      "b": 0.9607843137254902,
      "a": 1.0
    },
    {
      "r": 0.9019607843137255,
      "g": 0.9019607843137255,
      "b": 0.9803921568627451,
      "a": 1.0
    },
    {
      "r": 1.0,
      "g": 1.0,
      "b": 1.0,
      "a": 1.0
    },
    {
      "r": 0.0196078431372549,
      "g": 0.043137254901960784,
      "b": 0.0784313725490196,
      "a": 0.8509803921568627
    },
    {
      "r": 0.0196078431372549,
      "g": 0.043137254901960784,
      "b": 0.0784313725490196,
      "a": 0.050980392156862744
    },
    {
      "r": 0.6392156862745098,
      "g": 0.1607843137254902,
      "b": 0.47058823529411764,
      "a": 1.0
    },
    {
      "r": 0.058823529411764705,
      "g": 0.06274509803921569,
      "b": 0.1450980392156863,
      "a": 1.0
    },
    {
      "r": 0.08235294117647059,
      "g": 0.07058823529411765,
      "b": 0.17254901960784313,
      "a": 1.0
    },
    {
      "r": 0.6392156862745098,
      "g": 0.1607843137254902,
      "b": 0.47058823529411764,
      "a": 1.0
    },
    {
      "r": 0.8,
      "g": 0.20392156862745098,
      "b": 0.3137254901960784,
      "a": 1.0
    },
    {
      "r": 0.0784313753247261,
      "g": 0.5882353186607361,
      "b": 0.34117648005485535,
      "a": 1.0
    },
    {
      "r": 0.16078431904315948,
      "g": 0.6666666865348816,
      "b": 0.4313725531101227,
      "a": 1.0
    },
    {
      "r": 0.2823529541492462,
      "g": 0.7529411911964417,
      "b": 0.5215686559677124,
      "a": 1.0
    },
    {
      "r": 0.49803921580314636,
      "g": 0.8666666746139526,
      "b": 0.6666666865348816,
      "a": 1.0
    },
    {
      "r": 0.6901960968971252,
      "g": 0.9254902005195618,
      "b": 0.7921568751335144,
      "a": 1.0
    },
    {
      "r": 0.03921568766236305,
      "g": 0.05882352963089943,
      "b": 0.11764705926179886,
      "a": 1.0
    },
    {
      "r": 0.9019607901573181,
      "g": 0.9019607901573181,
      "b": 0.9803921580314636,
      "a": 1.0
    },
    {
      "r": 0.0,
      "g": 0.0,
      "b": 0.0,
      "a": 0.0
    },
    {
      "r": 0.8549019607843137,
      "g": 0.8980392156862745,
      "b": 0.9647058823529412,
      "a": 1.0
    },
    {
      "r": 1.0,
      "g": 0.2549019753932953,
      "b": 0.3921568691730499,
      "a": 1.0
    },
    {
      "r": 1.0,
      "g": 0.3529411852359772,
      "b": 0.1568627506494522,
      "a": 1.0
    },
    {
      "r": 0.03921568766236305,
      "g": 0.05882352963089943,
      "b": 0.11764705926179886,
      "a": 0.8039215803146362
    },
    {
      "r": 0.686274528503418,
      "g": 0.47058823704719543,
      "b": 1.0,
      "a": 0.08235294371843338
    },
    {
      "r": 0.5803921818733215,
      "g": 0.03921568766236305,
      "b": 0.14901961386203766,
      "a": 1.0
    },
    {
      "r": 0.7137255072593689,
      "g": 0.6078431606292725,
      "b": 0.25882354378700256,
      "a": 1.0
    },
    {
      "r": 0.5568627715110779,
      "g": 0.5607843399047852,
      "b": 0.5607843399047852,
      "a": 1.0
    },
    {
      "r": 0.729411780834198,
      "g": 0.0470588244497776,
      "b": 0.18431372940540314,
      "a": 1.0
    },
    {
      "r": 0.729411780834198,
      "g": 0.0470588244497776,
      "b": 0.18431372940540314,
      "a": 1.0
    },
    {
      "r": 0.01568627543747425,
      "g": 0.2666666805744171,
      "b": 0.21568627655506134,
      "a": 1.0
    },
    {
      "r": 0.0,
      "g": 0.5803921818733215,
      "b": 0.3686274588108063,
      "a": 1.0
    },
    {
      "r": 0.0,
      "g": 0.26274511218070984,
      "b": 0.48235294222831726,
      "a": 1.0
    },
    {
      "r": 0.0,
      "g": 0.4313725531101227,
      "b": 0.3803921639919281,
      "a": 1.0
    },
    {
      "r": 0.0,
      "g": 0.5568627715110779,
      "b": 0.48627451062202454,
      "a": 1.0
    },
    {
      "r": 0.003921568859368563,
      "g": 0.4941176474094391,
      "b": 0.8588235378265381,
      "a": 1.0
    },
    {
      "r": 0.8705882430076599,
      "g": 0.05098039284348488,
      "b": 0.2078431397676468,
      "a": 0.8039215803146362
    },
    {
      "r": 0.8705882430076599,
      "g": 0.05098039284348488,
      "b": 0.2078431397676468,
      "a": 0.8039215803146362
    },
    {
      "r": 0.5921568870544434,
      "g": 0.04313725605607033,
      "b": 0.13333334028720856,
      "a": 0.8039215803146362
    },
    {
      "r": 0.8705882430076599,
      "g": 0.003921568859368563,
      "b": 0.01568627543747425,
      "a": 0.8039215803146362
    },
    {
      "r": 1.0,
      "g": 0.6196078658103943,
      "b": 0.0,
      "a": 0.8039215803146362
    },
    {
      "r": 0.0,
      "g": 0.14509804546833038,
      "b": 0.8784313797950745,
      "a": 0.8039215803146362
    },
    {
      "r": 1.0,
      "g": 1.0,
      "b": 1.0,
      "a": 1.0
    },
    {
      "r": 0.9764705896377563,
      "g": 0.5254902243614197,
      "b": 0.6117647290229797,
      "a": 0.16078431904315948
    },
    {
      "r": 0.46666666865348816,
      "g": 0.7803921699523926,
      "b": 0.8941176533699036,
      "a": 0.16078431904315948
    },
    {
      "r": 0.9960784316062927,
      "g": 0.6196078658103943,
      "b": 0.41960784792900085,
      "a": 0.16078431904315948
    },
    {
      "r": 0.9843137264251709,
      "g": 1.0,
      "b": 0.5411764979362488,
      "a": 0.16078431904315948
    },
    {
      "r": 1.0,
      "g": 1.0,
      "b": 1.0,
      "a": 1.0
    },
    {
      "r": 0.3960784375667572,
      "g": 0.8980392217636108,
      "b": 0.22745098173618317,
      "a": 1.0
    },
    {
      "r": 0.2823529541492462,
      "g": 0.8980392217636108,
      "b": 0.22745098173618317,
      "a": 0.16078431904315948
    },
    {
      "r": 0.3960784375667572,
      "g": 0.8980392217636108,
      "b": 0.22745098173618317,
      "a": 1.0
    },
    {
      "r": 0.7960784435272217,
      "g": 0.8980392217636108,
      "b": 0.14509804546833038,
      "a": 1.0
    },
    {
      "r": 1.0,
      "g": 1.0,
      "b": 1.0,
      "a": 1.0
    },
    {
      "r": 1.0,
      "g": 1.0,
      "b": 1.0,
      "a": 0.0
    },
    {
      "r": 1.0,
      "g": 1.0,
      "b": 1.0,
      "a": 0.1411764770746231
    },
    {
      "r": 0.5450980392156862,
      "g": 0.13725490196078433,
      "b": 0.4,
      "a": 1.0
    },
    {
      "r": 0.5450980392156862,
      "g": 0.13725490196078433,
      "b": 0.4,
      "a": 1.0
    },
    {
      "r": 0.5450980392156862,
      "g": 0.13725490196078433,
      "b": 0.4,
      "a": 1.0
    },
    {
      "r": 0.6392156862745098,
      "g": 0.1607843137254902,
      "b": 0.47058823529411764,
      "a": 1.0
    },
    {
      "r": 0.8,
      "g": 0.2,
      "b": 0.23921568627450981,
      "a": 1.0
    },
    {
      "r": 0.8,
      "g": 0.2,
      "b": 0.23921568627450981,
      "a": 1.0
    },
    {
      "r": 0.8392156862745098,
      "g": 0.3607843137254902,
      "b": 0.39215686274509803,
      "a": 1.0
    },
    {
      "r": 0.8392156862745098,
      "g": 0.3607843137254902,
      "b": 0.39215686274509803,
      "a": 1.0
    },
    {
      "r": 0.9019607843137255,
      "g": 0.9019607843137255,
      "b": 0.9803921568627451,
      "a": 0.2980392156862745
    },
    {
      "r": 1.0,
      "g": 1.0,
      "b": 1.0,
      "a": 0.04313725605607033
    },
    {
      "r": 1.0,
      "g": 1.0,
      "b": 1.0,
      "a": 0.10196078568696976
    },
    {
      "r": 0.6274510025978088,
      "g": 0.5803921818733215,
      "b": 0.22745098173618317,
      "a": 1.0
    },
    {
      "r": 0.05098039284348488,
      "g": 0.615686297416687,
      "b": 0.3490196168422699,
      "a": 1.0
    },
    {
      "r": 1.0,
      "g": 0.3960784375667572,
      "b": 0.6980392336845398,
      "a": 0.12156862765550613
    },
    {
      "r": 1.0,
      "g": 0.3960784375667572,
      "b": 0.6980392336845398,
      "a": 1.0
    },
    {
      "r": 0.5882353186607361,
      "g": 0.14509804546833038,
      "b": 0.9490196108818054,
      "a": 0.12156862765550613
    },
    {
      "r": 0.5882353186607361,
      "g": 0.14509804546833038,
      "b": 0.9490196108818054,
      "a": 1.0
    },
    {
      "r": 0.13333334028720856,
      "g": 0.9019607901573181,
      "b": 0.7098039388656616,
      "a": 0.12156862765550613
    },
    {
      "r": 0.13333334028720856,
      "g": 0.9019607901573181,
      "b": 0.7098039388656616,
      "a": 1.0
    },
    {
      "r": 0.10196078568696976,
      "g": 0.4470588266849518,
      "b": 0.929411768913269,
      "a": 0.12156862765550613
    },
    {
      "r": 0.10196078568696976,
      "g": 0.4470588266849518,
      "b": 0.929411768913269,
      "a": 1.0
    },
    {
      "r": 0.5490196347236633,
      "g": 0.8666666746139526,
      "b": 0.21176470816135406,
      "a": 1.0
    },
    {
      "r": 0.5490196347236633,
      "g": 0.8666666746139526,
      "b": 0.21176470816135406,
      "a": 0.16078431904315948
    },
    {
      "r": 0.6823529601097107,
      "g": 0.8313725590705872,
      "b": 0.1921568661928177,
      "a": 1.0
    },
    {
      "r": 0.7803921699523926,
      "g": 0.8313725590705872,
      "b": 0.1921568661928177,
      "a": 0.16078431904315948
    },
    {
      "r": 0.7960784435272217,
      "g": 0.8980392217636108,
      "b": 0.14509804546833038,
      "a": 1.0
    },
    {
      "r": 0.8980392217636108,
      "g": 0.686274528503418,
      "b": 0.14509804546833038,
      "a": 0.16078431904315948
    },
    {
      "r": 1.0,
      "g": 1.0,
      "b": 1.0,
      "a": 1.0
    },
    {
      "r": 1.0,
      "g": 1.0,
      "b": 1.0,
      "a": 0.16078431904315948
    },
    {
      "r": 1.0,
      "g": 1.0,
      "b": 1.0,
      "a": 1.0
    },
    {
      "r": 1.0,
      "g": 1.0,
      "b": 1.0,
      "a": 0.08235294371843338
    },
    {
      "r": 1.0,
      "g": 1.0,
      "b": 1.0,
      "a": 0.6509804129600525
    },
    {
      "r": 1.0,
      "g": 1.0,
      "b": 1.0,
      "a": 0.08235294371843338
    },
    {
      "r": 0.95686274766922,
      "g": 0.4117647111415863,
      "b": 0.09803921729326248,
      "a": 1.0
    },
    {
      "r": 0.95686274766922,
      "g": 0.4117647111415863,
      "b": 0.09803921729326248,
      "a": 0.16078431904315948
    },
    {
      "r": 0.8117647171020508,
      "g": 0.5254902243614197,
      "b": 0.9647058844566345,
      "a": 1.0
    },
    {
      "r": 0.9450980424880981,
      "g": 0.6549019813537598,
      "b": 0.8196078538894653,
      "a": 1.0
    },
    {
      "r": 0.6666666865348816,
      "g": 0.7411764860153198,
      "b": 0.9176470637321472,
      "a": 1.0
    },
    {
      "r": 0.8117647171020508,
      "g": 0.5254902243614197,
      "b": 0.9647058844566345,
      "a": 0.16078431904315948
    },
    {
      "r": 0.9450980424880981,
      "g": 0.6549019813537598,
      "b": 0.8196078538894653,
      "a": 0.16078431904315948
    },
    {
      "r": 0.6666666865348816,
      "g": 0.7411764860153198,
      "b": 0.9176470637321472,
      "a": 0.16078431904315948
    },
    {
      "r": 0.20000000298023224,
      "g": 0.8705882430076599,
      "b": 0.8705882430076599,
      "a": 1.0
    },
    {
      "r": 0.20000000298023224,
      "g": 0.8705882430076599,
      "b": 0.8705882430076599,
      "a": 0.16078431904315948
    },
    {
      "r": 0.886274516582489,
      "g": 0.3137255012989044,
      "b": 0.6392157077789307,
      "a": 1.0
    },
    {
      "r": 0.886274516582489,
      "g": 0.3137255012989044,
      "b": 0.6392157077789307,
      "a": 0.16078431904315948
    },
    {
      "r": 0.3333333432674408,
      "g": 0.48235294222831726,
      "b": 0.8352941274642944,
      "a": 1.0
    },
    {
      "r": 0.3333333432674408,
      "g": 0.48235294222831726,
      "b": 0.8352941274642944,
      "a": 0.16078431904315948
    },
    {
      "r": 0.7529411911964417,
      "g": 0.7529411911964417,
      "b": 0.7529411911964417,
      "a": 1.0
    },
    {
      "r": 0.7529411911964417,
      "g": 0.7529411911964417,
      "b": 0.7529411911964417,
      "a": 0.16078431904315948
    },
    {
      "r": 0.6000000238418579,
      "g": 0.9333333373069763,
      "b": 0.9333333373069763,
      "a": 1.0
    },
    {
      "r": 0.6000000238418579,
      "g": 0.9333333373069763,
      "b": 0.9333333373069763,
      "a": 0.16078431904315948
    },
    {
      "r": 0.23529411852359772,
      "g": 0.7803921699523926,
      "b": 0.5490196347236633,
      "a": 1.0
    },
    {
      "r": 0.23529411852359772,
      "g": 0.7803921699523926,
      "b": 0.5490196347236633,
      "a": 0.16078431904315948
    },
    {
      "r": 0.3137255012989044,
      "g": 0.886274516582489,
      "b": 0.3137255012989044,
      "a": 1.0
    },
    {
      "r": 0.7529411911964417,
      "g": 0.9607843160629272,
      "b": 0.3333333432674408,
      "a": 1.0
    },
    {
      "r": 0.3137255012989044,
      "g": 0.886274516582489,
      "b": 0.3137255012989044,
      "a": 0.16078431904315948
    },
    {
      "r": 0.7529411911964417,
      "g": 0.9607843160629272,
      "b": 0.3333333432674408,
      "a": 0.16078431904315948
    },
    {
      "r": 0.8745098114013672,
      "g": 0.9803921580314636,
      "b": 0.6666666865348816,
      "a": 1.0
    },
    {
      "r": 0.8745098114013672,
      "g": 0.9803921580314636,
      "b": 0.6666666865348816,
      "a": 0.16078431904315948
    },
    {
      "r": 0.6235294342041016,
      "g": 0.9372549057006836,
      "b": 0.800000011920929,
      "a": 1.0
    },
    {
      "r": 0.6235294342041016,
      "g": 0.9372549057006836,
      "b": 0.800000011920929,
      "a": 0.16078431904315948
    },
    {
      "r": 0.6549019813537598,
      "g": 0.9450980424880981,
      "b": 0.6549019813537598,
      "a": 1.0
    },
    {
      "r": 0.6549019813537598,
      "g": 0.9450980424880981,
      "b": 0.6549019813537598,
      "a": 0.16078431904315948
    },
    {
      "r": 0.8941176533699036,
      "g": 0.48627451062202454,
      "b": 0.30980393290519714,
      "a": 1.0
    },
    {
      "r": 0.8941176533699036,
      "g": 0.48627451062202454,
      "b": 0.30980393290519714,
      "a": 0.16078431904315948
    },
    {
      "r": 1.0,
      "g": 0.6235294342041016,
      "b": 0.3137255012989044,
      "a": 1.0
    },
    {
      "r": 1.0,
      "g": 1.0,
      "b": 0.3294117748737335,
      "a": 1.0
    },
    {
      "r": 1.0,
      "g": 0.6235294342041016,
      "b": 0.3137255012989044,
      "a": 0.16078431904315948
    },
    {
      "r": 1.0,
      "g": 1.0,
      "b": 0.3294117748737335,
      "a": 0.16078431904315948
    },
    {
      "r": 0.8901960849761963,
      "g": 0.6078431606292725,
      "b": 0.4901960790157318,
      "a": 1.0
    },
    {
      "r": 0.8901960849761963,
      "g": 0.6078431606292725,
      "b": 0.4901960790157318,
      "a": 0.16078431904315948
    },
    {
      "r": 1.0,
      "g": 0.7450980544090271,
      "b": 0.6627451181411743,
      "a": 1.0
    },
    {
      "r": 1.0,
      "g": 0.7450980544090271,
      "b": 0.6627451181411743,
      "a": 0.16078431904315948
    },
    {
      "r": 1.0,
      "g": 1.0,
      "b": 0.6627451181411743,
      "a": 1.0
    },
    {
      "r": 1.0,
      "g": 1.0,
      "b": 0.6627451181411743,
      "a": 0.16078431904315948
    },
    {
      "r": 0.5490196347236633,
      "g": 0.7254902124404907,
      "b": 0.9725490212440491,
      "a": 1.0
    },
    {
      "r": 0.5490196347236633,
      "g": 0.7254902124404907,
      "b": 0.9725490212440491,
      "a": 0.16078431904315948
    },
    {
      "r": 0.9411764740943909,
      "g": 0.9411764740943909,
      "b": 0.9411764740943909,
      "a": 1.0
    },
    {
      "r": 0.09803921729326248,
      "g": 0.03921568766236305,
      "b": 0.1568627506494522,
      "a": 1.0
    },
    {
      "r": 0.19607843458652496,
      "g": 0.0784313753247261,
      "b": 0.3137255012989044,
      "a": 1.0
    },
    {
      "r": 0.3921568691730499,
      "g": 0.11764705926179886,
      "b": 0.6666666865348816,
      "a": 1.0
    },
    {
      "r": 0.47058823704719543,
      "g": 0.4431372582912445,
      "b": 0.9686274528503418,
      "a": 1.0
    },
    {
      "r": 0.4156862795352936,
      "g": 0.8509804010391235,
      "b": 0.8823529481887817,
      "a": 1.0
    },
    {
      "r": 0.10980392247438431,
      "g": 0.125490203499794,
      "b": 0.18431372940540314,
      "a": 1.0
    },
    {
      "r": 0.0,
      "g": 0.5058823823928833,
      "b": 0.5411764979362488,
      "a": 1.0
    },
    {
      "r": 0.0,
      "g": 0.5058823823928833,
      "b": 0.5411764979362488,
      "a": 0.20392157137393951
    },
    {
      "r": 1.0,
      "g": 0.3529411852359772,
      "b": 0.1568627506494522,
      "a": 1.0
    },
    {
      "r": 1.0,
      "g": 0.3137255012989044,
      "b": 0.11764705926179886,
      "a": 1.0
    },
    {
      "r": 0.05882352963089943,
      "g": 0.16470588743686676,
      "b": 0.0470588244497776,
      "a": 1.0
    },
    {
      "r": 0.05882352963089943,
      "g": 0.16470588743686676,
      "b": 0.0470588244497776,
      "a": 1.0
    },
    {
      "r": 0.11372549086809158,
      "g": 0.32156863808631897,
      "b": 0.09019608050584793,
      "a": 1.0
    },
    {
      "r": 0.4274509847164154,
      "g": 0.8274509906768799,
      "b": 0.3843137323856354,
      "a": 1.0
    },
    {
      "r": 0.4274509847164154,
      "g": 0.8274509906768799,
      "b": 0.3843137323856354,
      "a": 1.0
    },
    {
      "r": 0.03921568766236305,
      "g": 0.05882352963089943,
      "b": 0.11764705926179886,
      "a": 1.0
    },
    {
      "r": 0.4313725531101227,
      "g": 0.05882352963089943,
      "b": 0.843137264251709,
      "a": 1.0
    },
    {
      "r": 0.686274528503418,
      "g": 0.47058823704719543,
      "b": 1.0,
      "a": 1.0
    },
    {
      "r": 0.9019607901573181,
      "g": 0.9019607901573181,
      "b": 0.9803921580314636,
      "a": 1.0
    },
    {
      "r": 0.13725490868091583,
      "g": 0.15294118225574493,
      "b": 0.2078431397676468,
      "a": 1.0
    },
    {
      "r": 0.5333333611488342,
      "g": 0.1764705926179886,
      "b": 0.9411764740943909,
      "a": 1.0
    },
    {
      "r": 1.0,
      "g": 1.0,
      "b": 1.0,
      "a": 0.04313725605607033
    },
    {
      "r": 1.0,
      "g": 0.0,
      "b": 0.0,
      "a": 0.05098039284348488
    },
    {
      "r": 1.0,
      "g": 0.0,
      "b": 0.0,
      "a": 0.250980406999588
    },
    {
      "r": 0.0117647061124444,
      "g": 0.3803921639919281,
      "b": 0.30980393290519714,
      "a": 1.0
    },
    {
      "r": 1.0,
      "g": 1.0,
      "b": 1.0,
      "a": 1.0
    },
    {
      "r": 0.11764705926179886,
      "g": 0.11764705926179886,
      "b": 0.19607843458652496,
      "a": 1.0
    },
    {
      "r": 0.0,
      "g": 0.5058823823928833,
      "b": 0.5411764979362488,
      "a": 0.20392157137393951
    },
    {
      "r": 0.13725490868091583,
      "g": 0.15294118225574493,
      "b": 0.2078431397676468,
      "a": 1.0
    },
    {
      "r": 1.0,
      "g": 1.0,
      "b": 1.0,
      "a": 0.062745101749897
    },
    {
      "r": 0.03921568766236305,
      "g": 0.05882352963089943,
      "b": 0.11764705926179886,
      "a": 0.7215686440467834
    },
    {
      "r": 0.5254902243614197,
      "g": 0.03529411926865578,
      "b": 0.03529411926865578,
      "a": 0.20392157137393951
    },
    {
      "r": 0.929411768913269,
      "g": 0.4156862795352936,
      "b": 0.0,
      "a": 0.20392157137393951
    },
    {
      "r": 0.686274528503418,
      "g": 0.47058823704719543,
      "b": 1.0,
      "a": 0.20392157137393951
    },
    {
      "r": 0.13333334028720856,
      "g": 0.9019607901573181,
      "b": 0.5058823823928833,
      "a": 0.20392157137393951
    },
    {
      "r": 0.4431372582912445,
      "g": 0.24313725531101227,
      "b": 0.05882352963089943,
      "a": 0.20392157137393951
    },
    {
      "r": 0.686274528503418,
      "g": 0.47058823704719543,
      "b": 1.0,
      "a": 0.3529411852359772
    },
    {
      "r": 0.686274528503418,
      "g": 0.47058823704719543,
      "b": 1.0,
      "a": 0.16078431904315948
    },
    {
      "r": 0.003921568859368563,
      "g": 0.8078431487083435,
      "b": 0.38823530077934265,
      "a": 1.0
    },
    {
      "r": 0.9372549057006836,
      "g": 0.32549020648002625,
      "b": 0.3137255012989044,
      "a": 1.0
    },
    {
      "r": 1.0,
      "g": 1.0,
      "b": 1.0,
      "a": 0.12156862765550613
    },
    {
      "r": 0.4313725531101227,
      "g": 0.05882352963089943,
      "b": 0.843137264251709,
      "a": 0.0
    },
    {
      "r": 0.4313725531101227,
      "g": 0.05882352963089943,
      "b": 0.843137264251709,
      "a": 0.7019608020782471
    },
    {
      "r": 0.30588236451148987,
      "g": 0.9215686321258545,
      "b": 0.239215686917305,
      "a": 0.20392157137393951
    },
    {
      "r": 0.30588236451148987,
      "g": 0.9215686321258545,
      "b": 0.239215686917305,
      "a": 0.40392157435417175
    },
    {
      "r": 0.800000011920929,
      "g": 0.20392157137393951,
      "b": 0.3137255012989044,
      "a": 0.20392157137393951
    },
    {
      "r": 0.800000011920929,
      "g": 0.20392157137393951,
      "b": 0.3137255012989044,
      "a": 0.40392157435417175
    },
    {
      "r": 0.843137264251709,
      "g": 0.7529411911964417,
      "b": 0.9882352948188782,
      "a": 1.0
    },
    {
      "r": 0.5686274766921997,
      "g": 0.545098066329956,
      "b": 0.6549019813537598,
      "a": 1.0
    },
    {
      "r": 0.5686274766921997,
      "g": 0.9529411792755127,
      "b": 0.7529411911964417,
      "a": 1.0
    },
    {
      "r": 0.4470588266849518,
      "g": 0.5921568870544434,
      "b": 0.5137255191802979,
      "a": 1.0
    },
    {
      "r": 0.0196078431372549,
      "g": 0.043137254901960784,
      "b": 0.0784313725490196,
      "a": 1.0
    },
    {
      "r": 0.0196078431372549,
      "g": 0.043137254901960784,
      "b": 0.0784313725490196,
      "a": 1.0
    }
  ]
}