{
  "m_Name": "AttributeColoursBlueOrange",
  "strings": [
    "--data-player-stats-1",
    "--data-player-stats-2",
    "--colours-data-ratings-star-ability-orange",
    "--colours-base-cyan-50"
  ],
  "colors": [
    {
      "r": 0.0196078431372549,
      "g": 0.043137254901960784,
      "b": 0.0784313725490196,
      "a": 0.0
    },
    {
      "r": 0.0196078431372549,
      "g": 0.043137254901960784,
      "b": 0.0784313725490196,
      "a": 0.0
    },
    {
      "r": 0.0196078431372549,
      "g": 0.043137254901960784,
      "b": 0.0784313725490196,
      "a": 0.0
    },
    {
      "r": 0.0196078431372549,
      "g": 0.043137254901960784,
      "b": 0.0784313725490196,
      "a": 0.0
    },
    {
      "r": 0.0196078431372549,
      "g": 0.043137254901960784,
      "b": 0.0784313725490196,
      "a": 0.0
    }
  ]
}