{
    "cog_*": "crown",
    "ability=minimum, potential level=none, youth=true_*": {
        "type": "vector",
        "svg_file": "min-none-youth.svg"
    },
    "ability=minimum, potential level=none, youth=false_*": {
        "type": "vector",
        "svg_file": "min-none.svg"
    },
    "ability=minimum, potential level=half, youth=true_*": {
        "type": "vector",
        "svg_file": "min-half-youth.svg"
    },
    "ability=minimum, potential level=half, youth=false_*": {
        "type": "vector",
        "svg_file": "min-half.svg"
    },
    "ability=minimum, potential level=full, youth=true_*": {
        "type": "vector",
        "svg_file": "min-full-youth.svg"
    },
    "ability=minimum, potential level=full, youth=false_*": {
        "type": "vector",
        "svg_file": "min-full.svg"
    },
    "ability=max, potential level=fullfilled, youth=true_*": {
        "type": "vector",
        "svg_file": "max-full-youth.svg"
    },
    "ability=max, potential level=fullfilled, youth=false_*": {
        "type": "vector",
        "svg_file": "max-full.svg"
    },
    "ability=half, potential level=none, youth=true_*": {
        "type": "vector",
        "svg_file": "half-none-youth.svg"
    },
    "ability=half, potential level=none, youth=false_*": {
        "type": "vector",
        "svg_file": "half-none.svg"
    },
    "ability=half, potential level=half, youth=true_*": {
        "type": "vector",
        "svg_file": "half-half-youth.svg"
    },
    "ability=half, potential level=half, youth=false_*": {
        "type": "vector",
        "svg_file": "half-half.svg"
    }
}
